cluster,tool,scenario,scenario_name,category,run,throughput_rps,latency_p50,latency_p99,latency_mean,error_rate,pod_restarts,cpu_spike_pct,memory_spike_mb,baseline_cpu_mean,fault_cpu_mean,baseline_mem_mb,fault_mem_mb,recovery_time_s
bench-a,chaos-mesh,a1,HTTP Abort 503,Application,1,77.48,12.29,94.91,0.016256,0.23620967741935484,0,11934.3,91.7,0.01663075608672701,0.06981822631470486,20.566565688775512,22.338262648809526,60.0
bench-a,chaos-mesh,a1,HTTP Abort 503,Application,10,77.44,12.49,95.1,0.015976,0.22741701189003066,0,11021.6,87.5,0.018019704111603845,0.07209408752882031,21.543048469387756,23.253627232142858,15.000405073165894
bench-a,chaos-mesh,a1,HTTP Abort 503,Application,11,77.22,12.19,174.85,0.019052,0.23848830622319334,0,10648.5,100.7,0.018623932972860382,0.08384665212533594,22.017179528061224,24.05087425595238,60.00030493736267
bench-a,chaos-mesh,a1,HTTP Abort 503,Application,12,77.43,10.57,66.11,0.013111000000000001,0.2203093476798924,0,10516.1,89.2,0.018868520654201814,0.05352362300646948,21.972084927721088,23.739443824404763,60.00003695487976
bench-a,chaos-mesh,a1,HTTP Abort 503,Application,13,77.48,12.67,134.53,0.023188,0.23190665662974513,0,11167.5,99.3,0.017762065644670796,0.06505085534183469,22.44097443664966,24.501875620039684,44.99999928474426
bench-a,chaos-mesh,a1,HTTP Abort 503,Application,14,77.48,13.26,107.39,0.017167,0.21634408602150537,0,11332.3,95.5,0.017501970743664375,0.06098553639234268,22.690290178571427,24.584433903769842,44.99984693527222
bench-a,chaos-mesh,a1,HTTP Abort 503,Application,15,77.49,19.52,146.94,0.024486,0.22193548387096773,0,11035.4,89.6,0.017990037254365713,0.0656800664435871,22.788079294217688,24.54275173611111,0.0
bench-a,chaos-mesh,a1,HTTP Abort 503,Application,2,77.49,15.07,100.54,0.018588,0.2375268817204301,0,10764.6,92.4,0.018435966424222187,0.08230412917460289,20.477598852040817,22.36875310019841,60.00041317939758
bench-a,chaos-mesh,a1,HTTP Abort 503,Application,3,77.49,12.36,87.93,0.015704,0.23548387096774193,0,11545.0,94.6,0.017180712538803437,0.0806701998338645,20.544470131802722,22.38600570436508,60.0
bench-a,chaos-mesh,a1,HTTP Abort 503,Application,4,77.49,11.97,111.93,0.017009,0.21483870967741936,0,11311.8,96.1,0.017550891814467697,0.06958594874284937,20.84141156462585,22.804656498015873,59.99997091293335
bench-a,chaos-mesh,a1,HTTP Abort 503,Application,5,77.56,13.15,98.82,0.017349,0.22841180736483038,0,10765.4,93.0,0.018430997442362478,0.06605114328750944,21.19599011479592,23.04253472222222,0.0
bench-a,chaos-mesh,a1,HTTP Abort 503,Application,6,77.44,11.57,79.87,0.016632,0.23701412239408204,0,11616.9,90.1,0.01709491560115645,0.08050379010124971,21.09463355654762,22.904482886904763,59.99963712692261
bench-a,chaos-mesh,a1,HTTP Abort 503,Application,7,77.49,11.79,140.16,0.018119,0.23373655913978494,0,11590.4,99.2,0.017132377265088417,0.07015154005372516,21.3970490539966,23.40815662202381,0.0
bench-a,chaos-mesh,a1,HTTP Abort 503,Application,8,77.48,11.48,123.33,0.016784,0.23478494623655913,0,11146.1,98.5,0.017791171814747438,0.07964703718007803,21.577965561224488,23.513470362103174,59.99995422363281
bench-a,chaos-mesh,a1,HTTP Abort 503,Application,9,77.49,13.41,91.58,0.016805,0.2364516129032258,0,11487.2,88.6,0.017278681826655144,0.0712457241748276,21.72753208705357,23.591099330357142,59.99965214729309
bench-a,chaos-mesh,a2,gRPC Unavailable,Application,1,119.8,14.81,6100.0,0.15268700000000002,0.0017042292710072343,0,2212.7,104.6,0.017464484804486886,0.028031418249801997,22.88503135629252,25.388966393849206,60.0
bench-a,chaos-mesh,a2,gRPC Unavailable,Application,10,119.73,13.02,5870.0,0.138556,0.0015832144472667804,0,2265.9,94.3,0.016798374782976227,0.0290119295360177,22.9115446960034,25.064251612103174,59.99960207939148
bench-a,chaos-mesh,a2,gRPC Unavailable,Application,11,119.8,17.9,5950.0,0.15677000000000002,0.0017042292710072343,0,1988.6,104.1,0.018607393400470407,0.030679467696472427,23.44363174957483,25.81108940972222,15.000140905380249
bench-a,chaos-mesh,a2,gRPC Unavailable,Application,12,119.74,11.76,6270.0,0.152325,0.0017223981349385852,0,2116.6,100.1,0.016788425096754912,0.025863091269353152,23.273018973214285,25.406854538690474,15.00039792060852
bench-a,chaos-mesh,a2,gRPC Unavailable,Application,13,119.74,12.46,6180.0,0.15135099999999999,0.0016702042520616584,0,1957.8,99.0,0.017497955847950032,0.027879926862963485,23.049133715986393,25.203016493055557,60.0
bench-a,chaos-mesh,a2,gRPC Unavailable,Application,14,119.8,15.73,6310.0,0.159541,0.0017042292710072343,0,2072.5,99.1,0.017729101117337144,0.026240197894836555,23.201251594387756,25.451497395833332,60.0
bench-a,chaos-mesh,a2,gRPC Unavailable,Application,15,119.74,11.0,5600.0,0.136685,0.0015310205643898536,0,2079.8,98.5,0.016961236723226643,0.02903441688118494,22.71982421875,25.175967261904763,60.0
bench-a,chaos-mesh,a2,gRPC Unavailable,Application,2,119.8,16.64,6370.0,0.163917,0.002382442960489705,0,2124.0,101.9,0.01779068685453834,0.03325069332564443,23.013539009353742,25.56699528769841,15.00035309791565
bench-a,chaos-mesh,a2,gRPC Unavailable,Application,3,119.74,11.53,5950.0,0.140974,0.0015658164863078048,0,1967.1,97.8,0.017133981953747823,0.026433451765042224,22.784917091836736,25.056640625,60.0
bench-a,chaos-mesh,a2,gRPC Unavailable,Application,4,119.8,15.84,5560.0,0.144989,0.0016868391764051196,0,2173.3,104.2,0.018106090258924488,0.03291825479275804,23.45535049957483,25.71103050595238,60.0
bench-a,chaos-mesh,a2,gRPC Unavailable,Application,5,119.8,13.61,5980.0,0.14746299999999998,0.001669449081803005,0,2082.3,100.2,0.017200991346379223,0.02577096355605885,23.165271577380953,25.396329365079364,0.0
bench-a,chaos-mesh,a2,gRPC Unavailable,Application,6,119.8,16.72,6280.0,0.156307,0.0015998887033945464,0,2262.4,95.7,0.018176470927340784,0.028009455492039943,23.058768136160715,25.344075520833332,14.999985933303833
bench-a,chaos-mesh,a2,gRPC Unavailable,Application,7,119.8,16.7,5960.0,0.14475200000000002,0.0015477184195882025,0,2115.6,92.2,0.017749730162195693,0.02872031704117067,23.053536551339285,25.223570808531747,60.0
bench-a,chaos-mesh,a2,gRPC Unavailable,Application,8,119.8,17.15,5170.0,0.135349,0.001530328324986088,0,1939.4,97.1,0.017980422918876294,0.02723799699582287,23.1669921875,25.5556640625,15.000442743301392
bench-a,chaos-mesh,a2,gRPC Unavailable,Application,9,119.8,15.34,5910.0,0.1477,0.0016868391764051196,0,1931.4,104.8,0.018745510654150636,0.02789669754800076,23.227319834183675,25.723291790674605,29.999937057495117
bench-a,chaos-mesh,n1,Latency 50ms,Network,1,119.8,12.34,247.17,0.03527,0.0,0,2276.2,99.6,0.015581899956792862,0.026061955781295144,21.217354910714285,23.625573536706348,44.99959993362427
bench-a,chaos-mesh,n1,Latency 50ms,Network,10,119.8,13.33,255.49,0.035017000000000006,0.0,0,2124.4,99.5,0.01598285194191121,0.023466849091320994,21.20090614370748,23.553369915674605,60.0
bench-a,chaos-mesh,n1,Latency 50ms,Network,11,119.8,11.18,310.78,0.036562,0.0,0,2220.3,97.7,0.017119473814443897,0.027753753168441735,21.013997395833332,23.48694816468254,60.0
bench-a,chaos-mesh,n1,Latency 50ms,Network,12,119.74,11.38,217.21,0.030438,0.0,0,2413.0,94.3,0.015384442527624472,0.024841498054630415,20.860152264030614,23.17609126984127,60.0
bench-a,chaos-mesh,n1,Latency 50ms,Network,13,119.73,9.53,193.54,0.028409,0.0,0,1967.7,93.4,0.015372389727747893,0.024364168573287208,21.15850207270408,23.18781001984127,60.0
bench-a,chaos-mesh,n1,Latency 50ms,Network,14,119.8,11.85,246.4,0.034003,0.0,0,2058.0,102.2,0.016007485001030462,0.024764854895888012,21.163756909013607,23.787124875992063,60.0
bench-a,chaos-mesh,n1,Latency 50ms,Network,15,119.8,12.81,279.81,0.036857999999999995,0.0,0,2542.1,100.0,0.015442434545543046,0.02729790682948138,21.00979219812925,23.478112599206348,59.99997878074646
bench-a,chaos-mesh,n1,Latency 50ms,Network,2,119.74,11.52,267.52,0.032142000000000004,0.0,0,2388.1,95.4,0.015114152933544518,0.027415862059953267,20.873332536139454,23.249581473214285,60.0
bench-a,chaos-mesh,n1,Latency 50ms,Network,3,119.8,12.77,220.41,0.035110999999999996,0.0,0,1921.6,98.8,0.016692464229329056,0.023717868160826976,20.90305458120748,23.443343874007937,60.00000977516174
bench-a,chaos-mesh,n1,Latency 50ms,Network,4,119.8,11.95,269.57,0.035736,0.0,0,1977.2,99.7,0.01663526051211463,0.026378015235509065,21.55470742984694,23.79225570436508,60.0
bench-a,chaos-mesh,n1,Latency 50ms,Network,5,119.8,10.85,224.13,0.031035,0.0,0,2038.7,101.6,0.01558131390886659,0.026782518815582565,21.014190051020407,23.49035838293651,45.00028204917908
bench-a,chaos-mesh,n1,Latency 50ms,Network,6,119.8,13.36,246.91,0.037089,0.0,0,2318.0,97.6,0.015075711150925637,0.026055395489995695,21.295792144982993,23.587239583333332,60.0
bench-a,chaos-mesh,n1,Latency 50ms,Network,7,119.8,13.66,268.54,0.037847,0.0,0,2063.1,101.2,0.017195258490439555,0.027344079010700167,21.206871811224488,23.643926711309526,60.0
bench-a,chaos-mesh,n1,Latency 50ms,Network,8,119.8,11.83,262.02,0.035026,0.0,0,1955.0,100.0,0.016356923112205678,0.02425842750749998,20.9064559417517,23.372891865079364,60.0
bench-a,chaos-mesh,n1,Latency 50ms,Network,9,119.74,11.44,243.71,0.031504000000000004,0.0,0,2197.7,94.0,0.015724288338016538,0.025959084729235936,20.74091863307823,22.890438988095237,60.0
bench-a,chaos-mesh,n2,Latency 100ms,Network,1,119.8,22.61,1040.0,0.09289,0.0,0,0.0,0.0,,,,,
bench-a,chaos-mesh,n2,Latency 100ms,Network,10,119.8,19.02,1030.0,0.08998099999999999,0.0,0,0.0,0.0,,,,,
bench-a,chaos-mesh,n2,Latency 100ms,Network,11,119.8,20.51,1020.0,0.09100499999999999,0.0,0,0.0,0.0,,,,,
bench-a,chaos-mesh,n2,Latency 100ms,Network,12,119.8,19.15,1030.0,0.09158100000000001,0.0,0,0.0,0.0,,,,,
bench-a,chaos-mesh,n2,Latency 100ms,Network,13,119.8,21.26,1030.0,0.094562,0.0,0,0.0,0.0,,,,,
bench-a,chaos-mesh,n2,Latency 100ms,Network,14,119.8,20.16,1040.0,0.09259999999999999,0.0,0,0.0,0.0,,,,,
bench-a,chaos-mesh,n2,Latency 100ms,Network,15,119.8,21.65,1030.0,0.096067,0.0005390929326655538,0,0.0,0.0,,,,,
bench-a,chaos-mesh,n2,Latency 100ms,Network,2,119.8,16.66,1030.0,0.092259,0.0,0,0.0,0.0,,,,,
bench-a,chaos-mesh,n2,Latency 100ms,Network,3,119.74,14.58,1010.0,0.086062,0.0,0,0.0,0.0,,,,,
bench-a,chaos-mesh,n2,Latency 100ms,Network,4,119.8,17.09,1050.0,0.090803,0.0,0,0.0,0.0,,,,,
bench-a,chaos-mesh,n2,Latency 100ms,Network,5,119.8,20.3,1030.0,0.09113800000000001,0.0,0,0.0,0.0,,,,,
bench-a,chaos-mesh,n2,Latency 100ms,Network,6,119.74,15.54,1020.0,0.085113,0.0,0,0.0,0.0,,,,,
bench-a,chaos-mesh,n2,Latency 100ms,Network,7,119.73,16.8,1030.0,0.087952,0.0,0,0.0,0.0,,,,,
bench-a,chaos-mesh,n2,Latency 100ms,Network,8,119.8,20.46,1020.0,0.091333,0.0,0,0.0,0.0,,,,,
bench-a,chaos-mesh,n2,Latency 100ms,Network,9,119.8,17.53,1010.0,0.087268,0.0,0,0.0,0.0,,,,,
bench-a,chaos-mesh,n3,Latency 300ms,Network,1,119.8,23.42,2480.0,0.290372,0.0,0,0.0,0.0,,,,,
bench-a,chaos-mesh,n3,Latency 300ms,Network,10,119.8,29.45,2580.0,0.297239,0.0,0,0.0,0.0,,,,,
bench-a,chaos-mesh,n3,Latency 300ms,Network,11,119.8,20.66,2420.0,0.276806,0.0,0,0.0,0.0,,,,,
bench-a,chaos-mesh,n3,Latency 300ms,Network,12,119.8,18.74,2470.0,0.28289800000000004,0.0,0,0.0,0.0,,,,,
bench-a,chaos-mesh,n3,Latency 300ms,Network,13,119.8,19.92,2500.0,0.276854,0.0,0,0.0,0.0,,,,,
bench-a,chaos-mesh,n3,Latency 300ms,Network,14,119.74,14.95,2510.0,0.278326,0.0,0,0.0,0.0,,,,,
bench-a,chaos-mesh,n3,Latency 300ms,Network,15,119.8,18.32,2690.0,0.29736900000000005,0.0,0,0.0,0.0,,,,,
bench-a,chaos-mesh,n3,Latency 300ms,Network,2,119.8,21.38,2480.0,0.284422,0.0,0,0.0,0.0,,,,,
bench-a,chaos-mesh,n3,Latency 300ms,Network,3,119.74,17.25,2770.0,0.299064,0.0,0,0.0,0.0,,,,,
bench-a,chaos-mesh,n3,Latency 300ms,Network,4,119.8,19.04,2650.0,0.296242,3.477958438396661e-05,0,0.0,0.0,,,,,
bench-a,chaos-mesh,n3,Latency 300ms,Network,5,119.73,15.53,2550.0,0.27918200000000004,0.0,0,0.0,0.0,,,,,
bench-a,chaos-mesh,n3,Latency 300ms,Network,6,119.73,17.02,2640.0,0.285978,0.0,0,0.0,0.0,,,,,
bench-a,chaos-mesh,n3,Latency 300ms,Network,7,119.8,27.65,2690.0,0.297736,0.0,0,0.0,0.0,,,,,
bench-a,chaos-mesh,n3,Latency 300ms,Network,8,119.8,19.69,2710.0,0.295277,0.0,0,0.0,0.0,,,,,
bench-a,chaos-mesh,n3,Latency 300ms,Network,9,119.8,18.75,2670.0,0.30160899999999996,0.0,0,0.0,0.0,,,,,
bench-a,chaos-mesh,n4,Packet Loss 5%,Network,1,119.74,13.55,288.51,0.032216999999999996,0.0,0,0.0,0.0,,,,,
bench-a,chaos-mesh,n4,Packet Loss 5%,Network,10,119.79,19.04,323.07,0.040802,0.0,0,0.0,0.0,,,,,
bench-a,chaos-mesh,n4,Packet Loss 5%,Network,11,119.79,18.72,333.05,0.040781,0.0,0,0.0,0.0,,,,,
bench-a,chaos-mesh,n4,Packet Loss 5%,Network,12,119.74,14.9,212.74,0.02566,0.0,0,0.0,0.0,,,,,
bench-a,chaos-mesh,n4,Packet Loss 5%,Network,13,119.8,14.99,249.6,0.026763000000000002,0.00022607122982749026,0,0.0,0.0,,,,,
bench-a,chaos-mesh,n4,Packet Loss 5%,Network,14,119.79,15.86,226.43,0.026286999999999998,0.0,0,0.0,0.0,,,,,
bench-a,chaos-mesh,n4,Packet Loss 5%,Network,15,119.74,13.34,175.74,0.023324,0.0,0,0.0,0.0,,,,,
bench-a,chaos-mesh,n4,Packet Loss 5%,Network,2,119.8,17.52,270.85,0.029019,0.0,0,0.0,0.0,,,,,
bench-a,chaos-mesh,n4,Packet Loss 5%,Network,3,119.73,15.68,216.45,0.026158,0.0,0,0.0,0.0,,,,,
bench-a,chaos-mesh,n4,Packet Loss 5%,Network,4,119.8,16.53,377.6,0.037762000000000004,0.0,0,0.0,0.0,,,,,
bench-a,chaos-mesh,n4,Packet Loss 5%,Network,5,119.8,17.55,282.11,0.029973,0.0,0,0.0,0.0,,,,,
bench-a,chaos-mesh,n4,Packet Loss 5%,Network,6,119.8,18.54,267.77,0.035927,0.0,0,0.0,0.0,,,,,
bench-a,chaos-mesh,n4,Packet Loss 5%,Network,7,119.8,17.73,403.97,0.037139000000000005,0.0,0,0.0,0.0,,,,,
bench-a,chaos-mesh,n4,Packet Loss 5%,Network,8,119.74,11.69,215.29,0.021263999999999998,0.0,0,0.0,0.0,,,,,
bench-a,chaos-mesh,n4,Packet Loss 5%,Network,9,119.8,16.42,268.29,0.02868,0.0,0,0.0,0.0,,,,,
bench-a,chaos-mesh,n5,Network Partition,Network,1,119.8,21.14,46010.0,4.1536599999999995,0.008903728436282694,0,0.0,0.0,,,,,
bench-a,chaos-mesh,n5,Network Partition,Network,10,119.8,19.89,45550.0,4.107936,0.008903728436282694,0,0.0,0.0,,,,,
bench-a,chaos-mesh,n5,Network Partition,Network,11,119.8,18.78,45060.0,3.8928719999999997,0.008903728436282694,0,0.0,0.0,,,,,
bench-a,chaos-mesh,n5,Network Partition,Network,12,119.8,17.1,45090.0,4.0611239999999995,0.008921118530884809,0,0.0,0.0,,,,,
bench-a,chaos-mesh,n5,Network Partition,Network,13,119.8,16.17,46140.0,4.248824,0.008973288814691152,0,0.0,0.0,,,,,
bench-a,chaos-mesh,n5,Network Partition,Network,14,119.79,19.84,45810.0,3.960801,0.008903728436282694,0,0.0,0.0,,,,,
bench-a,chaos-mesh,n5,Network Partition,Network,15,119.8,21.5,46400.0,4.3819859999999995,0.009651502504173622,0,0.0,0.0,,,,,
bench-a,chaos-mesh,n5,Network Partition,Network,2,119.8,19.09,45450.0,4.079376,0.008903728436282694,0,0.0,0.0,,,,,
bench-a,chaos-mesh,n5,Network Partition,Network,3,119.8,30.53,46790.0,4.2472129999999995,0.008903728436282694,0,0.0,0.0,,,,,
bench-a,chaos-mesh,n5,Network Partition,Network,4,119.8,16.17,45880.0,4.402127,0.008903728436282694,0,0.0,0.0,,,,,
bench-a,chaos-mesh,n5,Network Partition,Network,5,119.74,17.44,46690.0,4.203835,0.008907756010995511,0,0.0,0.0,,,,,
bench-a,chaos-mesh,n5,Network Partition,Network,6,119.8,23.31,44830.0,4.063705,0.009112409571508068,0,0.0,0.0,,,,,
bench-a,chaos-mesh,n5,Network Partition,Network,7,119.8,18.88,46430.0,4.169292,0.008903728436282694,0,0.0,0.0,,,,,
bench-a,chaos-mesh,n5,Network Partition,Network,8,119.74,20.35,46330.0,4.188328,0.008925153971954487,0,0.0,0.0,,,,,
bench-a,chaos-mesh,n5,Network Partition,Network,9,119.8,18.75,46240.0,4.407331,0.009095019476905955,0,0.0,0.0,,,,,
bench-a,chaos-mesh,p1,Pod Kill,Pod/Container,1,119.8,14.38,240.51,0.024588000000000002,1.7390094602114636e-05,0,2029.3,99.8,0.016607320929828456,0.028088664267933994,20.07326876062925,22.305385044642858,60.00021576881409
bench-a,chaos-mesh,p1,Pod Kill,Pod/Container,10,119.8,10.85,269.05,0.023244,0.0,0,2191.4,103.0,0.015350381717354806,0.027985386403559638,20.455643136160713,22.63715277777778,60.00003123283386
bench-a,chaos-mesh,p1,Pod Kill,Pod/Container,11,119.8,12.3,307.71,0.025736000000000002,1.7390094602114636e-05,0,2220.0,99.6,0.015310426953670164,0.028532720100509695,20.221602957589287,22.631541418650794,0.0004367828369140625
bench-a,chaos-mesh,p1,Pod Kill,Pod/Container,12,119.8,10.73,244.99,0.020875,1.7390094602114636e-05,0,2300.1,100.8,0.01597353216046095,0.028043865110295874,20.138406808035715,22.562468998015873,60.00049591064453
bench-a,chaos-mesh,p1,Pod Kill,Pod/Container,13,119.8,12.55,368.38,0.032025,0.00015651085141903172,0,2125.4,101.2,0.01653023334128244,0.0326068018372268,20.62598353794643,22.795789930555557,60.0
bench-a,chaos-mesh,p1,Pod Kill,Pod/Container,14,119.73,9.07,185.98,0.017184,0.0,0,2315.2,98.6,0.014723079302334257,0.02651778217615789,20.356451955782312,22.48921130952381,44.99982404708862
bench-a,chaos-mesh,p1,Pod Kill,Pod/Container,15,119.8,10.26,267.01,0.024543,0.0,0,2409.8,109.0,0.014620529470048129,0.02726989245255655,20.349742240646258,22.91660466269841,60.0
bench-a,chaos-mesh,p1,Pod Kill,Pod/Container,2,119.8,15.39,230.27,0.02441,0.0,0,1934.1,99.2,0.017717592208217052,0.026568537382064782,20.188715720663264,22.45983692956349,45.000054121017456
bench-a,chaos-mesh,p1,Pod Kill,Pod/Container,3,119.73,14.24,308.73,0.032966999999999996,0.0002957704821058858,0,2062.3,93.9,0.016607277739238882,0.026564086168064636,20.377145780187075,22.303338913690474,60.0
bench-a,chaos-mesh,p1,Pod Kill,Pod/Container,4,119.8,10.41,218.75,0.019037,3.478018920422927e-05,0,2115.5,98.0,0.015122318333242422,0.022569941487795092,20.752418154761905,22.704504588293652,60.00022506713867
bench-a,chaos-mesh,p1,Pod Kill,Pod/Container,5,119.8,9.52,229.63,0.018317,0.00010434056761268782,0,2486.2,98.3,0.014476250397771829,0.024302074502380956,20.62300037202381,22.66024925595238,60.0
bench-a,chaos-mesh,p1,Pod Kill,Pod/Container,6,119.8,12.8,244.74,0.021425,3.478018920422927e-05,0,2315.7,99.4,0.015557430080773194,0.02552721052719179,20.38442017431973,22.49206349206349,60.0
bench-a,chaos-mesh,p1,Pod Kill,Pod/Container,7,119.8,11.26,261.89,0.023425,0.0,0,2443.9,104.2,0.015283954671990913,0.027842076850625005,20.24082562712585,22.631308903769842,60.0
bench-a,chaos-mesh,p1,Pod Kill,Pod/Container,8,119.8,12.42,212.48,0.020488,0.0,0,2084.0,99.5,0.015951529850615338,0.025871380761581388,20.74445285926871,22.74192398313492,59.999675035476685
bench-a,chaos-mesh,p1,Pod Kill,Pod/Container,9,119.74,10.53,294.65,0.019844999999999998,0.0,0,2211.9,95.4,0.01541281669414321,0.029449321220372325,20.139681653911566,22.214921254960316,60.0
bench-a,chaos-mesh,p2,Container Kill,Pod/Container,1,119.46,18.16,1750.0,0.420537,0.07985142299107142,1,12483.1,93.2,0.01582761786894778,0.09110921673642738,20.59820099914966,22.211278521825395,60.0
bench-a,chaos-mesh,p2,Container Kill,Pod/Container,10,119.52,12.64,14970.0,0.97066,0.030499494579804106,1,12977.2,90.9,0.015307395500502917,0.07714584394918537,20.263366284013607,22.019670758928573,60.0
bench-a,chaos-mesh,p2,Container Kill,Pod/Container,11,119.59,17.79,1040.0,0.31939,0.001742038882307853,1,11977.7,98.0,0.016529500724241183,0.07539064554661944,20.661285607993197,22.801308283730158,45.00014901161194
bench-a,chaos-mesh,p2,Container Kill,Pod/Container,12,119.55,14.99,1900.0,0.39237,0.0017426460337376273,1,12093.2,105.6,0.01643947650768834,0.09783678025292572,20.578869047619047,22.817987351190474,60.0
bench-a,chaos-mesh,p2,Container Kill,Pod/Container,13,119.59,17.22,1220.0,0.333538,0.001742038882307853,1,11947.6,107.3,0.01662129367432405,0.08143034827763883,20.83941193664966,23.383990575396826,60.0
bench-a,chaos-mesh,p2,Container Kill,Pod/Container,14,119.59,15.98,1120.0,0.323753,0.001742038882307853,1,12499.6,99.2,0.015908177353275852,0.08206830411370598,20.603322969812925,22.56995597718254,60.00033783912659
bench-a,chaos-mesh,p2,Container Kill,Pod/Container,15,119.59,16.99,1080.0,0.32095100000000004,0.001742038882307853,1,2078.3,97.0,0.0163359396771817,0.025291482275140796,20.512701955782312,22.647181919642858,60.00041580200195
bench-a,chaos-mesh,p2,Container Kill,Pod/Container,2,119.53,15.91,999.93,0.323151,0.0017428282617030918,1,12598.5,95.9,0.01576148631562326,0.08582892400637764,20.15363254676871,21.925982762896826,60.0
bench-a,chaos-mesh,p2,Container Kill,Pod/Container,3,119.57,13.58,1160.0,0.33734699999999995,0.001742129928050034,1,12816.2,99.3,0.015499761455642047,0.07433205927708067,20.38256669855442,22.787667410714285,60.0
bench-a,chaos-mesh,p2,Container Kill,Pod/Container,4,119.5,14.06,1930.0,0.451019,0.0017432839983961787,1,12764.0,101.1,0.015559550177058658,0.08374627261896032,20.514322916666668,22.507828000992063,60.0
bench-a,chaos-mesh,p2,Container Kill,Pod/Container,5,119.59,15.92,1200.0,0.332836,0.001742038882307853,1,11537.3,106.1,0.01716581792247714,0.08363803697988127,20.68486926020408,23.186678447420636,59.99974608421326
bench-a,chaos-mesh,p2,Container Kill,Pod/Container,6,119.58,16.82,1180.0,0.330767,0.0017420692298311935,1,11834.0,99.6,0.016775399226393713,0.08585933068051704,20.564373405612244,22.899383060515873,59.999815225601196
bench-a,chaos-mesh,p2,Container Kill,Pod/Container,7,119.58,15.9,1320.0,0.346081,0.001742038882307853,1,11545.3,104.1,0.017188982114659357,0.09493106941653061,20.400476987670068,23.133866567460316,60.0
bench-a,chaos-mesh,p2,Container Kill,Pod/Container,8,119.59,12.09,1100.0,0.320613,0.05409030729565884,1,13512.8,104.5,0.014716401977420997,0.09070801195389447,20.302721088435373,22.729430183531747,60.0
bench-a,chaos-mesh,p2,Container Kill,Pod/Container,9,119.58,15.57,1680.0,0.334763,0.36859985017682617,1,11634.7,98.5,0.017020107636278155,0.09580647959608837,20.466172406462587,22.588944692460316,60.0
bench-a,chaos-mesh,p3,Pod Failure,Pod/Container,1,119.74,11.63,67800.0,8.763286,0.014753470893211315,4,1597.1,85.0,0.015300736119066079,0.011817643273002923,20.526247608418366,23.935499237804876,0.00028014183044433594
bench-a,chaos-mesh,p3,Pod Failure,Pod/Container,10,116.01,11.97,69600.0,10.80152,0.014508627965021278,3,1610.4,84.9,0.015263309922093564,0.0132612339246898,21.2672193877551,24.760638973577237,0.0004260540008544922
bench-a,chaos-mesh,p3,Pod Failure,Pod/Container,11,119.8,16.02,69600.0,9.737664,0.014625069560378408,3,1895.6,91.2,0.01605752505092173,0.014773622781809468,21.3244246917517,25.128382240853657,0.0003070831298828125
bench-a,chaos-mesh,p3,Pod Failure,Pod/Container,12,119.8,12.82,69600.0,9.817248,0.014207707289927657,3,1620.8,90.6,0.015339936897947697,0.011852633662151802,21.31972789115646,25.049653836382113,0.0
bench-a,chaos-mesh,p3,Pod Failure,Pod/Container,13,119.8,14.44,69000.0,9.693826,0.013999026154702282,3,1388.2,92.2,0.016235687296470895,0.012433205358380911,21.163274274553572,25.117171620934958,0.000469207763671875
bench-a,chaos-mesh,p3,Pod Failure,Pod/Container,14,119.8,15.77,68400.0,9.387131,0.014225097384529772,3,1391.9,93.3,0.01802136662629391,0.01329371127919076,21.603934151785715,25.279296875,0.0003428459167480469
bench-a,chaos-mesh,p3,Pod Failure,Pod/Container,15,119.74,12.45,70800.0,9.638677,0.014753470893211315,3,1848.6,84.9,0.016092966762959057,0.013427324400663932,21.240827287946427,24.7372649898374,0.0001971721649169922
bench-a,chaos-mesh,p3,Pod Failure,Pod/Container,2,119.8,14.62,68400.0,9.089450000000001,0.01474680022259321,3,1406.5,89.4,0.016816200290867493,0.013146187057570046,21.278180803571427,25.032536204268293,0.0
bench-a,chaos-mesh,p3,Pod Failure,Pod/Container,3,119.8,20.14,68400.0,9.010530000000001,0.014085976627712854,3,1695.3,90.8,0.015749988802510245,0.014340954377549677,21.302588222789115,24.813389227642276,0.00015497207641601562
bench-a,chaos-mesh,p3,Pod Failure,Pod/Container,4,119.73,10.44,69000.0,9.075867,0.013918368767180486,3,1643.0,92.3,0.01600710979803014,0.013917140089519546,21.006191539115648,24.8217574949187,0.00032973289489746094
bench-a,chaos-mesh,p3,Pod Failure,Pod/Container,5,119.8,16.4,70800.0,9.634049000000001,0.014190317195325543,3,1582.0,91.5,0.01571338056625314,0.013885112194201759,20.950547406462587,24.73653455284553,0.00021600723266601562
bench-a,chaos-mesh,p3,Pod Failure,Pod/Container,6,119.68,13.56,69000.0,9.106061,0.014568683422683283,3,1661.0,83.0,0.01601922576504036,0.014726053717918925,21.02868569302721,24.435943851626018,0.00047898292541503906
bench-a,chaos-mesh,p3,Pod Failure,Pod/Container,7,119.8,13.69,69000.0,9.184919,0.01455550918196995,3,1786.5,90.6,0.015839715561519512,0.013913823862982306,20.96781994047619,24.712334857723576,0.0
bench-a,chaos-mesh,p3,Pod Failure,Pod/Container,8,119.8,14.74,68400.0,8.972351,0.014225097384529772,3,1522.2,90.5,0.01566009978004365,0.013448811869073452,21.062965029761905,24.863471798780488,0.0
bench-a,chaos-mesh,p3,Pod Failure,Pod/Container,9,116.93,11.86,69600.0,10.879992,0.014323890967397114,3,1848.4,90.5,0.015822649533870903,0.01254114786993198,20.856578178146258,24.71268419715447,0.0001552104949951172
bench-a,chaos-mesh,r1,CPU Stress 80%,Resource,1,119.8,12.69,281.6,0.03339,0.0,0,5924.9,107.2,0.01660265230197227,0.05091799301736778,19.97547300170068,22.65488591269841,60.0
bench-a,chaos-mesh,r1,CPU Stress 80%,Resource,10,119.74,13.12,172.93,0.02302,0.0,0,5651.4,101.0,0.017444651624029008,0.05728351269580223,20.161921037946428,22.64657738095238,60.0
bench-a,chaos-mesh,r1,CPU Stress 80%,Resource,11,119.73,13.01,326.91,0.029987,0.0,0,5717.2,104.4,0.017215072163355275,0.0553663316098405,20.08660182823129,22.778552827380953,60.0
bench-a,chaos-mesh,r1,CPU Stress 80%,Resource,12,119.74,10.92,185.34,0.024175000000000002,0.0,0,6152.9,101.8,0.01599864520669951,0.051808826498323635,20.17410049957483,22.53183903769841,60.0
bench-a,chaos-mesh,r1,CPU Stress 80%,Resource,13,119.8,20.67,276.48,0.038462,0.0,0,5375.5,111.1,0.018271955009265543,0.06146489868694547,20.671436543367346,23.42334759424603,60.0
bench-a,chaos-mesh,r1,CPU Stress 80%,Resource,14,119.74,12.66,232.83,0.02571,0.0,0,5748.7,98.8,0.01710716783628365,0.05226947857145023,20.69047619047619,22.812655009920636,60.0
bench-a,chaos-mesh,r1,CPU Stress 80%,Resource,15,119.79,16.46,293.63,0.038055,0.0,0,5881.1,109.2,0.01670575312878733,0.05444079405708214,20.47617054634354,23.25869605654762,60.0
bench-a,chaos-mesh,r1,CPU Stress 80%,Resource,2,119.8,14.67,245.76,0.031317,0.0,0,5686.6,107.5,0.01727245129437506,0.054237169534464696,20.143089657738095,22.727957589285715,60.0
bench-a,chaos-mesh,r1,CPU Stress 80%,Resource,3,119.73,12.41,253.95,0.028041,0.0,0,5572.2,102.5,0.017655871570500928,0.055070679170495206,20.37371120323129,22.819785466269842,60.0
bench-a,chaos-mesh,r1,CPU Stress 80%,Resource,4,119.8,12.66,237.7,0.032418999999999996,0.0,0,6037.8,109.8,0.01630620938087858,0.052032623871126824,20.759951636904763,23.269872271825395,60.0
bench-a,chaos-mesh,r1,CPU Stress 80%,Resource,5,119.74,12.09,253.7,0.026559000000000003,0.0,0,5587.5,98.2,0.01759644488103094,0.0604730966584974,19.91604219812925,22.529901413690474,60.0
bench-a,chaos-mesh,r1,CPU Stress 80%,Resource,6,119.8,19.5,275.2,0.037946,0.0,0,6012.1,108.4,0.016374704794369192,0.05090709883400852,20.442668473639454,23.11413380456349,60.0
bench-a,chaos-mesh,r1,CPU Stress 80%,Resource,7,119.73,10.28,200.19,0.02521,0.0,0,5961.4,101.4,0.0164969676296161,0.05013511077334484,20.054659598214286,22.540178571428573,60.0
bench-a,chaos-mesh,r1,CPU Stress 80%,Resource,8,119.68,11.29,120.13,0.019298,0.0,0,5704.9,92.9,0.017243782564184754,0.046862662072110546,19.910944475446428,22.16610863095238,60.00028586387634
bench-a,chaos-mesh,r1,CPU Stress 80%,Resource,9,119.8,15.87,238.72,0.027669,0.0,0,5664.0,98.3,0.017360217216002033,0.06111317856635711,20.372530691964286,22.899522569444443,60.0
bench-a,chaos-mesh,r2,Memory Pressure 80%,Resource,1,119.73,13.2,200.06,0.020971,0.0,0,2156.3,238.4,0.01715271154615277,0.028692496605004943,19.981159651360546,29.945653521825395,60.0
bench-a,chaos-mesh,r2,Memory Pressure 80%,Resource,10,119.74,12.2,139.9,0.020620999999999997,0.0,0,2011.7,238.8,0.017365996185504856,0.02596807178279787,20.53871704931973,30.32964409722222,60.00022792816162
bench-a,chaos-mesh,r2,Memory Pressure 80%,Resource,11,119.8,15.09,261.5,0.027231,0.0,0,2320.6,239.1,0.0164554270255795,0.026617440525803924,20.50624468537415,30.658621651785715,60.0
bench-a,chaos-mesh,r2,Memory Pressure 80%,Resource,12,119.8,20.91,249.34,0.031164999999999998,0.0,0,2130.6,238.9,0.017509123684868535,0.026563655932966966,20.492333652210885,30.560267857142858,60.0
bench-a,chaos-mesh,r2,Memory Pressure 80%,Resource,13,119.8,16.66,262.4,0.027803,0.0,0,2101.1,238.9,0.017597622532648276,0.029750175120383276,20.396105707908163,30.49742683531746,60.0
bench-a,chaos-mesh,r2,Memory Pressure 80%,Resource,14,119.8,15.15,235.01,0.024858,0.0,0,1986.6,238.8,0.018627837420844836,0.027614548167168525,20.33818957270408,30.506680927579364,0.00032806396484375
bench-a,chaos-mesh,r2,Memory Pressure 80%,Resource,15,119.8,15.96,272.89,0.028208999999999998,0.0,0,2003.0,238.6,0.018424100520649887,0.02961489753110422,20.422114158163264,30.551230778769842,60.00021004676819
bench-a,chaos-mesh,r2,Memory Pressure 80%,Resource,2,119.8,15.7,274.69,0.030234999999999998,0.0,0,2045.1,238.7,0.017509157526438168,0.028187080482996705,20.537102731717688,29.763020833333332,60.000004053115845
bench-a,chaos-mesh,r2,Memory Pressure 80%,Resource,3,119.74,12.38,199.04,0.021431000000000002,0.0,0,2076.0,238.5,0.01723975726459276,0.027833803494019548,20.152423469387756,30.104786706349206,60.0
bench-a,chaos-mesh,r2,Memory Pressure 80%,Resource,4,119.8,14.68,248.32,0.026892,0.0,0,1885.7,238.8,0.017259894803805565,0.027220430761509398,20.955569727891156,30.97660900297619,15.00010633468628
bench-a,chaos-mesh,r2,Memory Pressure 80%,Resource,5,119.8,14.73,266.49,0.026564,0.0,0,1994.2,238.4,0.01667429823047112,0.028442328878195297,20.647720025510203,29.627960689484127,59.99970889091492
bench-a,chaos-mesh,r2,Memory Pressure 80%,Resource,6,119.8,15.78,317.95,0.03394,0.0,0,2078.7,239.4,0.017315388017007983,0.02561476059830567,20.54487537202381,30.785667782738095,60.0
bench-a,chaos-mesh,r2,Memory Pressure 80%,Resource,7,119.8,16.26,215.17,0.024428000000000002,0.0,0,1855.6,238.5,0.018781860470275896,0.029616049708926655,20.60548867984694,30.511780753968253,29.99959921836853
bench-a,chaos-mesh,r2,Memory Pressure 80%,Resource,8,119.8,15.81,271.87,0.033629,0.0,0,1995.3,239.4,0.01697423479837943,0.027485636753464403,20.667882387329932,31.13747829861111,45.00036883354187
bench-a,chaos-mesh,r2,Memory Pressure 80%,Resource,9,119.8,14.78,231.55,0.028009,0.0,0,1829.5,238.7,0.018000337631029442,0.027554872726003734,20.770374946853742,30.716812375992063,29.9995698928833
bench-a,litmus,a1,HTTP Abort 503,Application,16,119.59,17.2,942.08,0.093132,0.001742038882307853,0,1882.5,97.5,0.01864485305982776,0.027810448993113846,23.510748830782312,25.516803075396826,60.0
bench-a,litmus,a1,HTTP Abort 503,Application,17,119.59,17.71,954.88,0.093288,0.001742038882307853,0,1910.0,101.4,0.018238911435668283,0.02611372586963512,23.40850207270408,25.623015873015873,60.0
bench-a,litmus,a1,HTTP Abort 503,Application,18,119.59,17.98,968.19,0.094439,0.001742038882307853,0,2118.6,100.5,0.017552415615275048,0.027107939711559476,23.112683354591837,25.39936755952381,60.0000638961792
bench-a,litmus,a1,HTTP Abort 503,Application,19,119.37,17.18,934.91,0.100451,0.0017452311558665945,0,1969.9,99.8,0.018834346493999357,0.02725077753937925,23.064273756377553,25.474981398809526,60.0
bench-a,litmus,a1,HTTP Abort 503,Application,20,119.53,13.44,916.99,0.084175,0.0017428282617030918,0,2192.1,94.5,0.016985972322012443,0.027562183267730814,23.09969308035714,25.171053447420636,30.000285863876343
bench-a,litmus,a1,HTTP Abort 503,Application,21,118.35,17.38,998.91,0.146799,0.0017602844619690541,0,2317.6,98.9,0.01682691184106209,0.02925080790616998,23.24936224489796,25.386997767857142,60.0
bench-a,litmus,a1,HTTP Abort 503,Application,22,119.59,15.59,983.55,0.097058,0.001742038882307853,0,2006.1,102.3,0.017967032051064393,0.028953893207841204,23.312325613839285,25.8126705109127,0.0004730224609375
bench-a,litmus,a1,HTTP Abort 503,Application,23,119.59,14.8,952.32,0.094305,0.001742038882307853,0,1940.5,105.2,0.017968616810818183,0.02962447956809491,23.367978050595237,25.83953373015873,60.0
bench-a,litmus,a1,HTTP Abort 503,Application,24,119.59,15.81,972.29,0.09241100000000001,0.001742038882307853,0,2074.9,98.2,0.017855139948457024,0.02987959019082147,23.000299944196428,25.35925099206349,60.0
bench-a,litmus,a1,HTTP Abort 503,Application,25,119.59,19.33,934.91,0.086009,0.001742038882307853,0,1805.8,98.7,0.018722990431940027,0.026810379279248033,23.239702912414966,25.606197296626984,30.00008511543274
bench-a,litmus,a1,HTTP Abort 503,Application,26,119.08,18.45,952.83,0.118243,0.0017495057646214945,0,2241.2,102.2,0.01806370192190825,0.0329042323232489,23.505852731717688,25.722733754960316,60.0
bench-a,litmus,a1,HTTP Abort 503,Application,27,119.59,14.9,960.51,0.091723,0.001742038882307853,0,2236.5,100.5,0.01741323533590506,0.02932800750169445,23.21189413265306,25.39026847718254,60.0
bench-a,litmus,a1,HTTP Abort 503,Application,28,119.37,17.98,925.18,0.10418999999999999,0.0017452311558665945,0,2258.7,99.3,0.01807953542239133,0.030239503435748674,23.047181919642856,25.43007502480159,60.0
bench-a,litmus,a1,HTTP Abort 503,Application,29,119.59,16.1,962.56,0.093261,0.001742038882307853,0,2014.0,104.4,0.017939340444647935,0.026608229465081436,23.496306335034014,25.686492435515873,45.000266790390015
bench-a,litmus,a1,HTTP Abort 503,Application,30,119.59,19.15,984.58,0.102322,0.001742038882307853,0,2052.0,102.7,0.017409522742186784,0.03315582595031752,23.450653698979593,25.701032366071427,60.0
bench-a,litmus,a2,gRPC Unavailable,Application,16,119.73,13.39,210.94,0.024514,0.0,0,2128.8,99.6,0.017631996417224866,0.027085560051860868,23.016907153486393,25.1814701140873,44.999685764312744
bench-a,litmus,a2,gRPC Unavailable,Application,17,119.8,14.35,229.25,0.024742,0.0,0,2087.9,97.1,0.017665589969242626,0.026584014873188164,23.4849928252551,25.513997395833332,59.999764919281006
bench-a,litmus,a2,gRPC Unavailable,Application,18,119.74,11.82,269.31,0.024436,0.0,0,2126.0,93.3,0.01714545237353958,0.0266918044887516,23.088588169642858,25.157195560515873,0.0
bench-a,litmus,a2,gRPC Unavailable,Application,19,119.74,13.68,279.3,0.027163,0.0,0,2175.0,98.3,0.018293512554691253,0.027099089558956613,22.97040417729592,25.167395213293652,60.0
bench-a,litmus,a2,gRPC Unavailable,Application,20,119.74,10.67,216.7,0.021965,0.0,0,2227.1,96.4,0.016490228627913467,0.02505247815860034,22.60683726615646,24.998062375992063,59.999998807907104
bench-a,litmus,a2,gRPC Unavailable,Application,21,119.8,15.75,278.78,0.029071000000000003,0.0,0,2114.0,99.4,0.017815481600321818,0.02945920458891243,23.282233205782312,25.550502232142858,60.00042915344238
bench-a,litmus,a2,gRPC Unavailable,Application,22,119.8,16.05,263.93,0.027521,0.0,0,2107.8,96.6,0.01798904341444731,0.025854357568385077,22.996512276785715,25.273204985119047,60.0
bench-a,litmus,a2,gRPC Unavailable,Application,23,119.8,19.5,243.2,0.029587,0.0,0,2165.7,101.8,0.01691171398453172,0.027711172854524117,23.40495455994898,25.650468129960316,60.0
bench-a,litmus,a2,gRPC Unavailable,Application,24,119.8,20.11,320.0,0.036865,0.0,0,1877.9,101.8,0.018631070551078755,0.030565167707635458,23.29714737457483,25.768105158730158,0.0
bench-a,litmus,a2,gRPC Unavailable,Application,25,119.74,13.9,201.21,0.023382999999999998,0.0,0,1853.1,95.3,0.017534413393629454,0.024656430593522967,22.96322943239796,25.099857390873016,0.0004420280456542969
bench-a,litmus,a2,gRPC Unavailable,Application,26,119.74,11.81,208.38,0.020792,8.698980479487804e-05,0,1891.6,91.4,0.018131175685727315,0.027143353421508983,22.883670479910716,25.148716517857142,14.999900817871094
bench-a,litmus,a2,gRPC Unavailable,Application,27,119.8,14.9,273.41,0.029215,0.0,0,1872.3,97.3,0.01816860487839236,0.025162710630961843,23.101050967261905,25.425037202380953,44.99991178512573
bench-a,litmus,a2,gRPC Unavailable,Application,28,119.74,11.4,186.88,0.019368,0.0,0,2100.1,93.1,0.017470969065251953,0.027117301652058532,22.678724888392857,24.8837890625,59.999911069869995
bench-a,litmus,a2,gRPC Unavailable,Application,29,119.8,18.74,284.42,0.031240999999999998,0.0005912632164718976,0,1909.4,97.4,0.018521921984326596,0.0255101137669136,23.47262967687075,25.603221106150794,29.99965810775757
bench-a,litmus,a2,gRPC Unavailable,Application,30,119.8,13.45,314.88,0.031035,0.0,0,1982.1,103.0,0.01775490020035431,0.02916792013307758,23.028400031887756,25.603174603174605,60.0
bench-a,litmus,n1,Latency 50ms,Network,16,119.74,10.82,210.56,0.028888,0.0,0,2365.8,96.6,0.014893455189548354,0.021018408190299626,21.076171875,22.04983299365942,60.0
bench-a,litmus,n1,Latency 50ms,Network,17,119.8,12.93,314.11,0.037661,0.0,0,2133.3,101.9,0.016788772949643,0.027425507867618097,21.302216198979593,22.50782665307971,60.0
bench-a,litmus,n1,Latency 50ms,Network,18,119.74,13.98,429.82,0.042506999999999996,0.0,0,2441.1,96.5,0.015970365100609462,0.029186998684623437,21.31582164115646,22.251387001811594,45.000138998031616
bench-a,litmus,n1,Latency 50ms,Network,19,119.8,11.9,222.46,0.032128,0.0,0,2276.6,99.3,0.015396526127494802,0.025052650780174573,21.102020886479593,22.305324388586957,60.0
bench-a,litmus,n1,Latency 50ms,Network,20,119.8,13.5,265.47,0.037952,0.0,0,1930.9,101.0,0.017428532984136037,0.02690601957940967,21.53901599702381,22.6082569067029,60.0
bench-a,litmus,n1,Latency 50ms,Network,21,119.8,15.42,221.95,0.035848,0.0,0,2086.1,98.8,0.015923772742251305,0.021641727422456455,21.544443558673468,22.45112941576087,29.99960708618164
bench-a,litmus,n1,Latency 50ms,Network,22,119.74,10.46,302.33,0.032534,0.0,0,2284.0,95.7,0.01517286298133873,0.022418136730242903,20.88478555484694,21.90128226902174,60.0
bench-a,litmus,n1,Latency 50ms,Network,23,119.8,12.84,263.17,0.036478000000000003,0.0,0,2231.8,102.2,0.01607438676113209,0.02562318053354692,21.600705516581634,22.72681725543478,59.999775886535645
bench-a,litmus,n1,Latency 50ms,Network,24,119.8,18.58,213.76,0.037137,0.0,0,2313.2,97.3,0.016739615930631665,0.025529601147428024,21.704931972789115,22.495810688405797,60.00001406669617
bench-a,litmus,n1,Latency 50ms,Network,25,119.8,14.12,252.16,0.036857999999999995,0.0,0,2198.8,103.2,0.01572965481768778,0.0254382792796625,20.973227572278912,22.555225317028984,29.999861001968384
bench-a,litmus,n1,Latency 50ms,Network,26,119.8,14.61,233.98,0.035482999999999994,0.0,0,2159.7,98.4,0.015467484814543292,0.022927319955510318,20.933782087053572,22.25501019021739,14.999552249908447
bench-a,litmus,n1,Latency 50ms,Network,27,119.8,13.51,270.59,0.036253999999999995,0.0,0,2354.1,103.8,0.016152523065307775,0.026188074768987515,21.05604937287415,22.40552819293478,60.000221967697144
bench-a,litmus,n1,Latency 50ms,Network,28,119.8,11.24,268.03,0.034017000000000006,0.0,0,1935.1,98.7,0.01574796269140735,0.02297885822270207,21.18935546875,22.33418251811594,6.67572021484375e-05
bench-a,litmus,n1,Latency 50ms,Network,29,119.73,9.65,218.49,0.031149,0.0,0,2208.0,98.0,0.01566903254178986,0.024348924617765274,20.96846400669643,22.126330389492754,60.0
bench-a,litmus,n1,Latency 50ms,Network,30,119.73,12.71,202.11,0.029858,0.0,0,2017.6,98.9,0.01610747910356027,0.02311556841310934,21.08207775297619,22.007274682971016,60.0
bench-a,litmus,n2,Latency 100ms,Network,16,119.8,16.23,282.11,0.030346,0.0,0,0.0,0.0,,,,,
bench-a,litmus,n2,Latency 100ms,Network,17,119.8,16.22,287.49,0.029297,0.0,0,0.0,0.0,,,,,
bench-a,litmus,n2,Latency 100ms,Network,18,119.8,14.12,223.1,0.023672000000000002,0.0,0,0.0,0.0,,,,,
bench-a,litmus,n2,Latency 100ms,Network,19,119.8,15.94,244.99,0.027106,0.0,0,0.0,0.0,,,,,
bench-a,litmus,n2,Latency 100ms,Network,20,119.8,18.25,289.54,0.034876,0.0,0,0.0,0.0,,,,,
bench-a,litmus,n2,Latency 100ms,Network,21,119.73,12.28,182.27,0.020388000000000003,0.0,0,0.0,0.0,,,,,
bench-a,litmus,n2,Latency 100ms,Network,22,119.8,16.99,226.43,0.026265,0.0,0,0.0,0.0,,,,,
bench-a,litmus,n2,Latency 100ms,Network,23,119.8,17.95,285.18,0.033868,0.0,0,0.0,0.0,,,,,
bench-a,litmus,n2,Latency 100ms,Network,24,119.8,18.17,259.33,0.030428,0.0,0,0.0,0.0,,,,,
bench-a,litmus,n2,Latency 100ms,Network,25,119.8,16.22,311.3,0.033387,0.0,0,0.0,0.0,,,,,
bench-a,litmus,n2,Latency 100ms,Network,26,119.74,14.08,195.33,0.021809000000000002,0.0,0,0.0,0.0,,,,,
bench-a,litmus,n2,Latency 100ms,Network,27,119.8,15.77,240.26,0.026757000000000003,0.0,0,0.0,0.0,,,,,
bench-a,litmus,n2,Latency 100ms,Network,28,119.74,14.59,221.44,0.026646,0.0,0,0.0,0.0,,,,,
bench-a,litmus,n2,Latency 100ms,Network,29,119.74,12.51,234.11,0.021924,0.0,0,0.0,0.0,,,,,
bench-a,litmus,n2,Latency 100ms,Network,30,119.74,11.26,150.27,0.018878,0.0,0,0.0,0.0,,,,,
bench-a,litmus,n3,Latency 300ms,Network,16,119.8,16.35,239.74,0.02723,0.0,0,0.0,0.0,,,,,
bench-a,litmus,n3,Latency 300ms,Network,17,119.8,16.83,306.17,0.031107,0.0,0,0.0,0.0,,,,,
bench-a,litmus,n3,Latency 300ms,Network,18,119.8,16.83,228.86,0.026668,0.0,0,0.0,0.0,,,,,
bench-a,litmus,n3,Latency 300ms,Network,19,119.74,14.37,211.33,0.022609999999999998,0.0,0,0.0,0.0,,,,,
bench-a,litmus,n3,Latency 300ms,Network,20,119.74,14.69,180.35,0.024899,0.0,0,0.0,0.0,,,,,
bench-a,litmus,n3,Latency 300ms,Network,21,119.73,17.06,221.82,0.029092,0.0,0,0.0,0.0,,,,,
bench-a,litmus,n3,Latency 300ms,Network,22,119.8,15.57,242.43,0.026026,0.0,0,0.0,0.0,,,,,
bench-a,litmus,n3,Latency 300ms,Network,23,119.8,19.52,261.38,0.032905000000000004,0.0,0,0.0,0.0,,,,,
bench-a,litmus,n3,Latency 300ms,Network,24,119.8,14.37,274.17,0.028036000000000002,0.0,0,0.0,0.0,,,,,
bench-a,litmus,n3,Latency 300ms,Network,25,119.8,14.74,294.14,0.026873,0.0,0,0.0,0.0,,,,,
bench-a,litmus,n3,Latency 300ms,Network,26,119.74,12.3,171.52,0.022205,0.0,0,0.0,0.0,,,,,
bench-a,litmus,n3,Latency 300ms,Network,27,119.74,14.81,175.23,0.025112,0.0,0,0.0,0.0,,,,,
bench-a,litmus,n3,Latency 300ms,Network,28,119.8,16.46,245.89,0.029513,0.0,0,0.0,0.0,,,,,
bench-a,litmus,n3,Latency 300ms,Network,29,119.74,12.62,177.41,0.020457,0.0,0,0.0,0.0,,,,,
bench-a,litmus,n3,Latency 300ms,Network,30,119.8,17.31,295.68,0.030829000000000002,0.0,0,0.0,0.0,,,,,
bench-a,litmus,n4,Packet Loss 5%,Network,16,119.8,15.86,251.65,0.027123,0.000191291040623261,0,0.0,0.0,,,,,
bench-a,litmus,n4,Packet Loss 5%,Network,17,119.8,13.19,367.1,0.031272,0.0,0,0.0,0.0,,,,,
bench-a,litmus,n4,Packet Loss 5%,Network,18,119.8,13.74,244.61,0.024383,0.0,0,0.0,0.0,,,,,
bench-a,litmus,n4,Packet Loss 5%,Network,19,119.8,19.42,292.1,0.038435000000000004,0.0,0,0.0,0.0,,,,,
bench-a,litmus,n4,Packet Loss 5%,Network,20,119.74,14.94,170.75,0.021641999999999998,0.0,0,0.0,0.0,,,,,
bench-a,litmus,n4,Packet Loss 5%,Network,21,119.79,21.92,278.02,0.038911,0.0,0,0.0,0.0,,,,,
bench-a,litmus,n4,Packet Loss 5%,Network,22,119.8,15.84,258.3,0.03043,0.0005912632164718976,0,0.0,0.0,,,,,
bench-a,litmus,n4,Packet Loss 5%,Network,23,119.74,15.69,199.17,0.02618,0.0,0,0.0,0.0,,,,,
bench-a,litmus,n4,Packet Loss 5%,Network,24,119.8,17.95,213.25,0.02664,0.0,0,0.0,0.0,,,,,
bench-a,litmus,n4,Packet Loss 5%,Network,25,119.74,15.45,204.54,0.026262,0.0,0,0.0,0.0,,,,,
bench-a,litmus,n4,Packet Loss 5%,Network,26,119.8,16.15,234.88,0.02683,0.0,0,0.0,0.0,,,,,
bench-a,litmus,n4,Packet Loss 5%,Network,27,119.74,12.68,196.86,0.020414,0.0,0,0.0,0.0,,,,,
bench-a,litmus,n4,Packet Loss 5%,Network,28,119.8,16.75,242.18,0.027261,0.0,0,0.0,0.0,,,,,
bench-a,litmus,n4,Packet Loss 5%,Network,29,119.74,13.8,189.05,0.022562000000000002,0.0,0,0.0,0.0,,,,,
bench-a,litmus,n4,Packet Loss 5%,Network,30,119.8,17.84,312.32,0.03588,0.0,0,0.0,0.0,,,,,
bench-a,litmus,n5,Network Partition,Network,16,119.8,13.89,234.88,0.024562999999999998,0.0,0,0.0,0.0,,,,,
bench-a,litmus,n5,Network Partition,Network,17,119.8,15.5,296.45,0.031258,0.0,0,0.0,0.0,,,,,
bench-a,litmus,n5,Network Partition,Network,18,119.8,15.68,275.71,0.028377,0.0,0,0.0,0.0,,,,,
bench-a,litmus,n5,Network Partition,Network,19,119.8,15.3,346.37,0.031887,0.0,0,0.0,0.0,,,,,
bench-a,litmus,n5,Network Partition,Network,20,119.8,14.26,286.98,0.027875,0.0,0,0.0,0.0,,,,,
bench-a,litmus,n5,Network Partition,Network,21,119.74,13.19,171.26,0.021206,0.0,0,0.0,0.0,,,,,
bench-a,litmus,n5,Network Partition,Network,22,119.74,14.25,153.21,0.021195,0.0,0,0.0,0.0,,,,,
bench-a,litmus,n5,Network Partition,Network,23,119.79,21.65,301.31,0.041305999999999995,0.0,0,0.0,0.0,,,,,
bench-a,litmus,n5,Network Partition,Network,24,119.8,16.59,270.08,0.028579,0.0,0,0.0,0.0,,,,,
bench-a,litmus,n5,Network Partition,Network,25,119.8,17.63,233.34,0.026821,0.0,0,0.0,0.0,,,,,
bench-a,litmus,n5,Network Partition,Network,26,119.8,15.37,246.78,0.026262,0.0,0,0.0,0.0,,,,,
bench-a,litmus,n5,Network Partition,Network,27,119.8,24.16,320.26,0.045633,0.0,0,0.0,0.0,,,,,
bench-a,litmus,n5,Network Partition,Network,28,119.74,12.42,155.13,0.018972000000000003,0.0,0,0.0,0.0,,,,,
bench-a,litmus,n5,Network Partition,Network,29,119.8,18.74,305.92,0.036802999999999995,0.0,0,0.0,0.0,,,,,
bench-a,litmus,n5,Network Partition,Network,30,119.8,17.04,274.17,0.028051,0.0,0,0.0,0.0,,,,,
bench-a,litmus,p1,Pod Kill,Pod/Container,16,119.8,12.82,263.42,0.026390999999999998,0.0013390372843628269,0,2225.8,101.4,0.017038485812961628,0.023900539625264103,21.31027450042517,22.433766720479706,59.99951124191284
bench-a,litmus,p1,Pod Kill,Pod/Container,17,119.73,11.98,204.8,0.020482,0.0002435714534256585,0,2257.7,95.3,0.016267606539878222,0.023006791712694857,21.19183806335034,22.1604301199262,60.0
bench-a,litmus,p1,Pod Kill,Pod/Container,18,119.74,10.49,165.12,0.017416,8.698980479487804e-05,0,2408.8,97.8,0.014523673329319092,0.02434478265157338,20.824251966411566,22.111839829335793,60.0
bench-a,litmus,p1,Pod Kill,Pod/Container,19,119.8,13.77,300.29,0.026744,0.0,0,2263.2,104.0,0.015244393174176283,0.02649478564824721,21.66962292729592,22.699994255514707,30.0002281665802
bench-a,litmus,p1,Pod Kill,Pod/Container,20,119.73,10.06,369.92,0.026152,0.0005915306726051707,0,2075.5,97.8,0.016985147131973157,0.028291943635088832,20.857747395833332,22.01780960648148,60.0
bench-a,litmus,p1,Pod Kill,Pod/Container,21,119.77,12.57,353.54,0.056610999999999995,0.0012175607040979615,0,2212.8,106.7,0.016637769333613262,0.02492539153915133,21.537009725765305,22.687815946691178,60.0
bench-a,litmus,p1,Pod Kill,Pod/Container,22,119.8,13.3,248.45,0.024898,0.00012173066221480245,0,2228.9,104.0,0.016024909460322614,0.024894039027896355,21.2894212372449,22.530541087962963,60.0
bench-a,litmus,p1,Pod Kill,Pod/Container,23,119.77,13.01,280.32,0.050653,0.0002087246921310791,0,2248.0,101.2,0.015715123818136736,0.02422868725642282,20.967947823660715,22.438310185185184,60.0
bench-a,litmus,p1,Pod Kill,Pod/Container,24,119.8,8.51,233.98,0.018435,5.2169376575949915e-05,0,2166.6,99.9,0.016539326670698105,0.02362844818136447,20.908149978741495,22.131534352022058,59.99995803833008
bench-a,litmus,p1,Pod Kill,Pod/Container,25,119.8,13.09,336.13,0.030281,5.217028380634391e-05,0,2139.3,100.6,0.01580689738240554,0.02771697695918495,21.205350167410714,22.516475438191883,60.0
bench-a,litmus,p1,Pod Kill,Pod/Container,26,119.8,10.96,253.05,0.024477,0.0022085420144685587,0,2073.1,102.4,0.01601149599860144,0.022837264962493758,21.046788637329932,22.431096073420075,0.00017976760864257812
bench-a,litmus,p1,Pod Kill,Pod/Container,27,119.8,12.14,340.48,0.028936,0.001234696716750139,0,1844.5,100.0,0.019145672077584452,0.02923806311806724,21.22124787414966,22.376902675276753,15.000155925750732
bench-a,litmus,p1,Pod Kill,Pod/Container,28,119.8,15.94,242.18,0.029768,1.7390094602114636e-05,0,2375.5,105.9,0.015433255392074276,0.022997132709777792,21.083313403486393,22.534291397601475,60.0
bench-a,litmus,p1,Pod Kill,Pod/Container,29,119.8,10.97,207.62,0.018639,0.0003999721758486366,0,2336.9,100.2,0.015641789126102063,0.02587335055005611,21.07353515625,22.36747685185185,60.0
bench-a,litmus,p1,Pod Kill,Pod/Container,30,119.52,10.08,10010.0,0.163579,0.00043575263194589695,0,2397.4,104.0,0.015607623591928422,0.02327131695428373,21.172619047619047,22.45031828703704,30.000153064727783
bench-a,litmus,p2,Container Kill,Pod/Container,16,103.74,14.41,103200.0,3.910782,0.5417193806855835,3,11233.6,117.5,0.017659934641471843,0.05444701040274726,21.198003029336736,22.26999593401487,60.0
bench-a,litmus,p2,Container Kill,Pod/Container,17,105.23,12.85,101400.0,2.895373,0.590640033258765,3,13053.7,121.3,0.015180243417261088,0.052745486164223886,20.801624946853742,21.741236162361623,60.0
bench-a,litmus,p2,Container Kill,Pod/Container,18,90.99,10.65,16500.0,0.700254,0.45029534319336967,3,12039.2,113.7,0.016494666338296732,0.06654200092130363,21.19260868409864,22.138011152416357,45.00011706352234
bench-a,litmus,p2,Container Kill,Pod/Container,19,106.23,16.67,102000.0,5.6077650000000006,0.500617707618394,3,12966.9,118.1,0.015336612107079914,0.05305681805529549,20.8908203125,21.815386603860293,0.0003001689910888672
bench-a,litmus,p2,Container Kill,Pod/Container,20,105.48,15.22,89400.0,8.793726000000001,1.1386903116236817,3,12221.9,126.7,0.01625204833686413,0.05018900794772533,21.197405133928573,22.396318611623617,60.0
bench-a,litmus,p2,Container Kill,Pod/Container,21,90.15,10.57,10850.0,0.467961,0.7767995378393991,3,12954.2,105.5,0.015338419940748683,0.06647312350121533,21.484527795493197,22.06525906133829,59.99985384941101
bench-a,litmus,p2,Container Kill,Pod/Container,22,103.49,11.54,82800.0,7.220793,0.9267109500805153,3,12687.1,128.7,0.015606362450951362,0.061918464351587876,20.968896152210885,22.219791666666666,60.0
bench-a,litmus,p2,Container Kill,Pod/Container,23,104.92,13.18,103200.0,4.4010929999999995,0.649962276138665,3,11433.6,118.1,0.01737287086810739,0.053187541427424094,21.353655133928573,22.411429398148147,60.0
bench-a,litmus,p2,Container Kill,Pod/Container,24,87.64,11.25,9180.0,0.381844,0.8198673607644584,3,11363.7,112.9,0.017469486836606176,0.05185263463839088,21.21095742984694,21.672779756433822,29.999953985214233
bench-a,litmus,p2,Container Kill,Pod/Container,25,106.95,15.65,102000.0,4.47487,0.6757820108293405,3,12232.3,120.8,0.016208107317500213,0.04689433354338648,21.66286006590136,22.248937270220587,0.0004451274871826172
bench-a,litmus,p2,Container Kill,Pod/Container,26,106.95,14.11,89400.0,8.541522,0.6439743664660394,3,12034.3,124.2,0.01649730480800811,0.05563103956897854,21.355209661989797,22.33361681273063,60.0
bench-a,litmus,p2,Container Kill,Pod/Container,27,105.71,14.23,103800.0,5.150333,0.9968271485722169,3,12502.2,121.7,0.01589170016025579,0.04681230578072062,21.26031037414966,22.020134420955884,2.9802322387695312e-05
bench-a,litmus,p2,Container Kill,Pod/Container,28,87.63,11.62,4680.0,0.340973,0.841066844157079,3,10971.4,121.2,0.018072153945017124,0.06996526991663661,21.247648278061224,22.065829681734318,60.00039291381836
bench-a,litmus,p2,Container Kill,Pod/Container,29,107.03,12.5,82800.0,8.380574000000001,0.9110674244783556,3,12162.3,124.4,0.01632937039317932,0.06228340564664842,20.983238998724488,22.1145497001845,60.0
bench-a,litmus,p2,Container Kill,Pod/Container,30,90.1,11.81,17270.0,0.9217430000000001,0.6469677001687822,4,12250.6,99.0,0.016205878224477683,0.06408355355332125,20.960791015625,21.493282979704798,59.99999499320984
bench-a,litmus,p3,Pod Failure,Pod/Container,16,119.74,10.73,335.61,0.022588,0.0006611225164410731,0,2122.8,91.1,0.015945142235648777,0.02664187614092931,20.775191326530614,22.072806157749078,60.0
bench-a,litmus,p3,Pod Failure,Pod/Container,17,119.8,12.68,578.56,0.047808,0.0009738452977184196,0,1742.8,97.3,0.021351879398944573,0.033179869368480414,21.268906781462587,22.761919806985293,0.0
bench-a,litmus,p3,Pod Failure,Pod/Container,18,119.74,10.61,179.33,0.018477,0.0007655102821949268,0,1936.3,94.3,0.01667856288410607,0.020799478988402873,21.26164567389456,22.350712061808117,0.0
bench-a,litmus,p3,Pod Failure,Pod/Container,19,119.8,13.61,235.39,0.03754,0.0010260155815247636,0,2179.3,103.6,0.01573093031243816,0.026327779879789626,21.028459821428573,22.47182329963235,60.0
bench-a,litmus,p3,Pod Failure,Pod/Container,20,119.8,12.64,354.82,0.030896999999999997,0.000956455203116305,0,2311.0,103.8,0.016095512674289353,0.027909797630573552,21.017396763392856,22.700213330258304,60.0
bench-a,litmus,p3,Pod Failure,Pod/Container,21,119.8,15.34,288.51,0.027277000000000003,0.0005564830272676684,0,2350.2,101.6,0.01522241050604208,0.02616703985056375,21.232415231717688,22.598828125,60.0
bench-a,litmus,p3,Pod Failure,Pod/Container,22,119.8,12.62,274.43,0.029378,0.0011303561491374514,0,2148.2,107.7,0.016895804220373345,0.025263549196524997,21.506815011160715,22.90841059981685,60.00001883506775
bench-a,litmus,p3,Pod Failure,Pod/Container,23,119.8,12.97,245.25,0.023611999999999998,0.0013390372843628269,0,2184.9,100.7,0.0169064557623107,0.024788048722756688,21.391183035714285,22.72020583487085,60.00042700767517
bench-a,litmus,p3,Pod Failure,Pod/Container,24,119.8,12.14,331.77,0.029398,0.0005564830272676684,0,1718.9,100.6,0.01774643116221075,0.026689130297308516,21.187576729910713,22.649483039033456,60.0
bench-a,litmus,p3,Pod Failure,Pod/Container,25,119.74,9.41,152.57,0.016648,0.0005741327116461951,0,2078.9,94.7,0.01678371517324723,0.025569735788053116,21.09234162414966,22.209013310185185,60.0
bench-a,litmus,p3,Pod Failure,Pod/Container,26,119.8,14.54,268.03,0.027398,0.0009216750139120756,0,1961.7,98.1,0.016272951180430918,0.02292595580306396,21.268634406887756,22.585026041666666,60.0
bench-a,litmus,p3,Pod Failure,Pod/Container,27,119.8,10.24,265.47,0.022388,0.0005390929326655538,0,2244.3,101.8,0.015915887656078587,0.025222782110237166,21.31769504676871,22.64482060185185,60.0
bench-a,litmus,p3,Pod Failure,Pod/Container,28,119.8,12.82,473.86,0.051875,0.0008347245409015025,0,1951.1,101.9,0.016943101512928688,0.023696889020132072,21.251248604910714,22.765711805555554,60.0
bench-a,litmus,p3,Pod Failure,Pod/Container,29,119.8,12.38,247.04,0.030191,0.0010607957707289928,0,2329.2,106.5,0.015033044124758947,0.0214783080284075,21.4445418792517,22.720825645756456,60.0
bench-a,litmus,p3,Pod Failure,Pod/Container,30,119.8,12.46,229.5,0.022327000000000003,0.0009390651085141904,0,2362.3,98.9,0.015692334820265125,0.025337612929341176,21.499461894132654,22.61113353321033,30.000071048736572
bench-a,litmus,r1,CPU Stress 80%,Resource,16,119.8,14.18,281.34,0.029053000000000002,0.0,0,2154.5,103.0,0.018053334565786422,0.029340192247164328,23.449398118622447,25.721834697420636,59.999839305877686
bench-a,litmus,r1,CPU Stress 80%,Resource,17,119.8,13.22,236.93,0.025668,0.0,0,2256.5,103.7,0.01803092126420857,0.024928823900392926,23.037332589285715,25.557989211309526,60.0
bench-a,litmus,r1,CPU Stress 80%,Resource,18,119.8,13.47,269.05,0.028141,0.0,0,1945.1,104.6,0.017572007503783935,0.02728048588830752,23.300581951530614,25.60996403769841,60.00002074241638
bench-a,litmus,r1,CPU Stress 80%,Resource,19,119.74,11.84,223.1,0.023628,0.0,0,1950.8,93.8,0.017248417030709794,0.028147474168475142,23.135875053146258,25.20250496031746,44.99983286857605
bench-a,litmus,r1,CPU Stress 80%,Resource,20,119.8,17.87,318.46,0.038558,0.0,0,1865.7,104.1,0.018336149462189897,0.0302157317729648,23.065210459183675,25.656575520833332,30.000306129455566
bench-a,litmus,r1,CPU Stress 80%,Resource,21,119.73,11.22,179.58,0.021386,0.0,0,1999.6,96.5,0.01695023196930718,0.029088647976717123,23.045679209183675,25.21789744543651,29.99960684776306
bench-a,litmus,r1,CPU Stress 80%,Resource,22,119.8,19.98,286.21,0.032778,0.0,0,2166.2,105.0,0.018176644435712784,0.029325165913931216,23.391196322278912,25.75509982638889,44.999531984329224
bench-a,litmus,r1,CPU Stress 80%,Resource,23,119.8,16.06,263.93,0.028765,0.0,0,2151.5,104.2,0.01740073057568413,0.028728751511082718,23.101681082589284,25.512245783730158,60.0
bench-a,litmus,r1,CPU Stress 80%,Resource,24,119.8,15.38,279.55,0.028957999999999998,0.0,0,2401.9,100.8,0.01793210718057831,0.02908524118775347,23.295732355442176,25.498682415674605,60.0
bench-a,litmus,r1,CPU Stress 80%,Resource,25,119.8,16.02,264.45,0.028210000000000002,0.0,0,2184.3,103.5,0.01755910389279683,0.0307105177385775,23.099790736607144,25.607871403769842,60.0
bench-a,litmus,r1,CPU Stress 80%,Resource,26,119.73,12.23,188.67,0.019448,0.0,0,1932.5,93.8,0.01785001319492414,0.0287733638197553,23.051605017006803,25.1271236359127,60.0
bench-a,litmus,r1,CPU Stress 80%,Resource,27,119.8,20.11,304.64,0.03488,0.0,0,2058.9,103.1,0.0177163380867773,0.02661312297553306,23.128667091836736,25.591052827380953,44.999855041503906
bench-a,litmus,r1,CPU Stress 80%,Resource,28,119.8,15.67,293.63,0.033387,0.0,0,1985.6,101.3,0.017353445071872687,0.02871435266949911,23.51145301870748,25.747767857142858,14.999874830245972
bench-a,litmus,r1,CPU Stress 80%,Resource,29,119.8,14.46,293.12,0.032214,0.0,0,1987.3,107.3,0.018377397577458415,0.029699183657835818,23.34032505580357,25.78910900297619,60.0
bench-a,litmus,r1,CPU Stress 80%,Resource,30,119.74,12.31,208.13,0.022354,0.0,0,1965.7,93.5,0.01779285798506557,0.026958030141130854,23.045931653911566,24.98547557043651,60.0
bench-a,litmus,r2,Memory Pressure 80%,Resource,16,119.8,14.54,324.35,0.037874000000000005,0.0,0,2382.6,105.5,0.017369672761409344,0.02902321049030687,23.274566857993197,25.847981770833332,60.0
bench-a,litmus,r2,Memory Pressure 80%,Resource,17,119.8,16.69,372.48,0.040498,0.0,0,2105.3,108.2,0.017932442337602477,0.03380308592958214,23.77800143494898,26.21160404265873,60.0
bench-a,litmus,r2,Memory Pressure 80%,Resource,18,119.8,18.14,392.7,0.040949,0.0,0,2076.7,103.7,0.01799741046195975,0.02978102628184631,23.345616762329932,25.878828745039684,30.000038146972656
bench-a,litmus,r2,Memory Pressure 80%,Resource,19,119.8,20.45,295.42,0.034342,0.0,0,2310.1,104.3,0.016569130256209614,0.031655285004257856,22.943380301339285,25.57480778769841,60.0
bench-a,litmus,r2,Memory Pressure 80%,Resource,20,119.8,13.68,250.24,0.026241,0.0,0,2176.4,102.8,0.017500067875641595,0.024522888505454317,23.07737430909864,25.375511532738095,60.0
bench-a,litmus,r2,Memory Pressure 80%,Resource,21,119.74,11.06,168.96,0.019806,0.0,0,1934.2,93.1,0.01762188951664672,0.02873391166450181,22.950819781037413,25.077597966269842,44.9998779296875
bench-a,litmus,r2,Memory Pressure 80%,Resource,22,119.8,16.43,252.41,0.027585000000000002,0.0,0,1974.6,98.6,0.01828001424882074,0.027027856281942732,23.164102359693878,25.49652777777778,0.0
bench-a,litmus,r2,Memory Pressure 80%,Resource,23,119.73,12.04,168.32,0.020581,0.0,0,2114.0,94.2,0.01735030262666624,0.027997967512847798,23.29658269557823,25.17995101686508,60.0
bench-a,litmus,r2,Memory Pressure 80%,Resource,24,119.8,16.5,295.17,0.031536999999999996,0.0,0,1984.0,102.3,0.018176120432952747,0.02946334225300941,23.21491018282313,25.694397941468253,60.0
bench-a,litmus,r2,Memory Pressure 80%,Resource,25,119.8,15.82,283.39,0.031416,1.7390094602114636e-05,0,1768.8,104.2,0.017329490522353524,0.02448361592823999,23.826429966517857,26.089735243055557,0.0
bench-a,litmus,r2,Memory Pressure 80%,Resource,26,119.8,15.23,283.9,0.032179,0.0,0,1995.0,105.4,0.018374880928874324,0.026687731975124016,23.418746014030614,25.836805555555557,0.00019598007202148438
bench-a,litmus,r2,Memory Pressure 80%,Resource,27,119.8,17.17,355.33,0.036201,0.0,0,1836.1,101.9,0.018849189400246685,0.033530962826271146,23.5316087372449,26.14932105654762,60.0
bench-a,litmus,r2,Memory Pressure 80%,Resource,28,119.8,13.71,332.29,0.031834,0.0,0,2225.8,100.2,0.017049737661486847,0.03146418811698087,23.514429209183675,25.720021081349206,60.00004005432129
bench-a,litmus,r2,Memory Pressure 80%,Resource,29,119.8,15.66,282.37,0.030109999999999998,0.0,0,2469.8,99.1,0.016784227136608373,0.028400795783110614,23.52959582270408,25.737010168650794,60.0
bench-a,litmus,r2,Memory Pressure 80%,Resource,30,119.74,11.53,216.06,0.023447,0.0,0,2024.5,97.9,0.016752630619897724,0.027143503686447676,22.78629324776786,25.197064112103174,0.00047397613525390625
bench-b,chaos-mesh,a1,HTTP Abort 503,Application,16,77.48,10.59,86.72,0.015079,0.23271505376344087,0,11262.0,92.4,0.01763359643837252,0.06764107571534336,20.79599144345238,22.654188368055557,60.0
bench-b,chaos-mesh,a1,HTTP Abort 503,Application,17,77.49,10.97,96.32,0.015022,0.23126344086021505,0,11330.6,96.6,0.017522759912830872,0.06020077014682669,20.8837890625,22.798254588293652,1.811981201171875e-05
bench-b,chaos-mesh,a1,HTTP Abort 503,Application,18,77.49,11.03,82.5,0.014255,0.2139247311827957,0,12603.9,94.4,0.015769343862111557,0.0692908923272316,21.100014615221088,22.93909660218254,59.999929904937744
bench-b,chaos-mesh,a1,HTTP Abort 503,Application,19,77.49,10.57,87.55,0.015333,0.2403225806451613,0,11329.8,91.0,0.01752789348893814,0.07672961417766716,21.388804740646258,23.049076140873016,59.999815940856934
bench-b,chaos-mesh,a1,HTTP Abort 503,Application,20,77.48,12.03,115.71,0.017693,0.23260752688172043,0,11865.7,101.9,0.016717108108190774,0.055886064420710965,21.299546595982143,23.41596912202381,0.0
bench-b,chaos-mesh,a1,HTTP Abort 503,Application,21,77.48,12.09,390.14,0.026512,0.2154032258064516,0,11082.5,98.4,0.017920713591976296,0.08429272042192958,21.8177415497449,23.617513020833332,60.00049901008606
bench-b,chaos-mesh,a1,HTTP Abort 503,Application,22,77.44,9.87,65.86,0.012214000000000001,0.21479488903833222,0,11706.6,87.5,0.016967656251117118,0.06412449652231651,21.21509486607143,23.04296875,45.0001118183136
bench-b,chaos-mesh,a1,HTTP Abort 503,Application,23,77.49,12.75,103.23,0.016773,0.2338440860215054,0,11032.0,96.0,0.01798490116090161,0.06888683736124324,21.73503932823129,23.65896267361111,45.000226736068726
bench-b,chaos-mesh,a1,HTTP Abort 503,Application,24,77.42,10.47,77.69,0.013499,0.2158075971161089,0,12029.2,89.4,0.016501394529122096,0.07715573008639301,21.601876395089285,23.466641865079364,59.99968194961548
bench-b,chaos-mesh,a1,HTTP Abort 503,Application,25,77.49,12.63,83.65,0.016049,0.22908602150537635,0,12056.2,86.3,0.016481685000918497,0.054015483103166936,21.93822411777211,23.638966393849206,0.0
bench-b,chaos-mesh,a1,HTTP Abort 503,Application,26,77.48,10.38,75.46,0.013642,0.23830645161290323,0,11808.7,92.7,0.01681289404152252,0.06533143728827918,22.3583984375,24.246729290674605,60.00015377998352
bench-b,chaos-mesh,a1,HTTP Abort 503,Application,27,77.35,12.35,76.54,0.015208000000000001,0.22380503568062474,0,11573.8,88.7,0.017157543351344708,0.06412403600643625,22.3254012542517,23.910621279761905,15.000199794769287
bench-b,chaos-mesh,a1,HTTP Abort 503,Application,28,77.49,11.34,109.38,0.016239999999999997,0.23486559139784946,0,12219.9,94.0,0.016251941777358767,0.06745939447145059,22.695242745535715,24.67897445436508,29.999661922454834
bench-b,chaos-mesh,a1,HTTP Abort 503,Application,29,77.49,11.47,153.73,0.017008,0.23723118279569894,0,11712.9,92.5,0.016964810164352924,0.08000931954901161,23.04138100552721,24.815398685515873,59.99972486495972
bench-b,chaos-mesh,a1,HTTP Abort 503,Application,30,77.49,14.69,100.86,0.018690000000000002,0.2288709677419355,0,11539.8,93.3,0.017198074902405203,0.060239488690688694,22.869226987670068,24.76519097222222,30.000367164611816
bench-b,chaos-mesh,a2,gRPC Unavailable,Application,16,119.8,19.58,5460.0,0.138935,0.0014955481357818586,0,2245.4,102.4,0.01705926227452755,0.029968517257520283,23.14874973426871,25.442305307539684,60.0
bench-b,chaos-mesh,a2,gRPC Unavailable,Application,17,119.73,11.95,6250.0,0.14987899999999998,0.001687602213020634,0,2243.8,96.1,0.016012091978402622,0.02620504139191967,22.993928039965986,25.21923053075397,60.0
bench-b,chaos-mesh,a2,gRPC Unavailable,Application,18,119.8,20.42,6130.0,0.15485,0.0017042292710072343,0,2039.2,99.9,0.017860089540366445,0.028283708245360074,23.113194887329932,25.409830729166668,60.0
bench-b,chaos-mesh,a2,gRPC Unavailable,Application,19,119.79,20.05,6020.0,0.155023,0.0016346688925987756,0,2133.6,103.5,0.01749619147500981,0.029218498038473636,23.468670280612244,25.788504464285715,59.999632120132446
bench-b,chaos-mesh,a2,gRPC Unavailable,Application,20,119.8,16.86,5770.0,0.142025,0.001652030258238414,0,1983.3,100.1,0.01692433571522398,0.026414656906340834,23.195784173044217,25.481290302579364,60.0
bench-b,chaos-mesh,a2,gRPC Unavailable,Application,21,119.81,13.73,5980.0,0.14684999999999998,0.0016867218473951451,0,2238.2,96.6,0.016077602896076248,0.02700628670759006,23.672642299107142,25.697947668650794,15.000365972518921
bench-b,chaos-mesh,a2,gRPC Unavailable,Application,22,119.8,16.99,6090.0,0.15057900000000002,0.0016520589872008903,0,1899.7,97.0,0.01701526641063349,0.027801782521059352,23.370077327806122,25.659024677579364,60.00032591819763
bench-b,chaos-mesh,a2,gRPC Unavailable,Application,23,119.74,14.77,5990.0,0.14795,0.0018267859006924389,0,2130.7,96.4,0.017865618782091856,0.028745736182258987,23.505009034863946,25.58110119047619,45.00000715255737
bench-b,chaos-mesh,a2,gRPC Unavailable,Application,24,119.8,15.02,5960.0,0.148901,0.0016520589872008903,0,2108.3,100.7,0.016926502059524676,0.028037720110790202,23.233165922619047,25.713169642857142,60.0
bench-b,chaos-mesh,a2,gRPC Unavailable,Application,25,119.74,11.07,5870.0,0.134107,0.001548418525348829,0,2016.8,95.4,0.016439379097898738,0.026727036536788613,22.944535235969386,25.194134424603174,60.0
bench-b,chaos-mesh,a2,gRPC Unavailable,Application,26,119.73,12.45,5870.0,0.136208,0.0016006124082257559,0,2013.9,94.1,0.01610891601754022,0.027063581700291488,23.044384765625,25.278568328373016,14.999555826187134
bench-b,chaos-mesh,a2,gRPC Unavailable,Application,27,119.74,12.85,5130.0,0.124009,0.001426632798636,0,2177.7,95.5,0.017396672334084016,0.026337592413839303,23.040198501275512,25.266803075396826,60.0
bench-b,chaos-mesh,a2,gRPC Unavailable,Application,28,119.8,14.86,6030.0,0.148013,0.001669449081803005,0,2020.2,103.0,0.017439960809989892,0.02832284532682984,23.134905133928573,25.43116009424603,60.00040292739868
bench-b,chaos-mesh,a2,gRPC Unavailable,Application,29,119.8,16.56,5870.0,0.144372,0.0016172787979966611,0,2068.7,103.6,0.016667102633369374,0.028161357008590977,23.47875279017857,25.864071800595237,60.0
bench-b,chaos-mesh,a2,gRPC Unavailable,Application,30,119.8,13.85,4930.0,0.11818600000000001,0.0014085976627712855,0,2134.4,97.7,0.016260348349294667,0.028465683852368917,23.39520886479592,25.54456535218254,60.0
bench-b,chaos-mesh,n1,Latency 50ms,Network,16,119.8,14.53,282.37,0.036088,0.0,0,2223.3,100.4,0.016338794296864,0.024120424289410927,21.168500212585034,23.54309275793651,60.0
bench-b,chaos-mesh,n1,Latency 50ms,Network,17,119.8,12.71,273.15,0.035728,0.0,0,2156.8,98.1,0.015292080302232225,0.02396205626494218,21.664321588010203,23.85377914186508,15.000238180160522
bench-b,chaos-mesh,n1,Latency 50ms,Network,18,119.8,13.41,310.02,0.040551000000000004,0.0,0,1949.4,102.9,0.017019776193407887,0.02581716298430976,21.54694143282313,23.932369171626984,60.0
bench-b,chaos-mesh,n1,Latency 50ms,Network,19,119.74,9.85,188.54,0.029658999999999998,0.0,0,2324.7,92.6,0.01547522523362344,0.02554151365582206,20.95542357568027,23.088123139880953,60.0
bench-b,chaos-mesh,n1,Latency 50ms,Network,20,119.8,14.94,229.76,0.035271000000000004,0.0,0,2473.4,98.2,0.016363250263169784,0.02436959955777132,21.342122395833332,23.50629340277778,60.0
bench-b,chaos-mesh,n1,Latency 50ms,Network,21,119.8,16.34,255.74,0.040670000000000005,0.0,0,2075.5,98.2,0.01616616751499304,0.024784686159629785,21.460574776785716,23.759533110119047,60.0
bench-b,chaos-mesh,n1,Latency 50ms,Network,22,119.73,12.45,198.53,0.030215,0.0,0,2101.9,93.2,0.01529631563683026,0.023632796610020306,21.081360278486393,23.160559275793652,60.0
bench-b,chaos-mesh,n1,Latency 50ms,Network,23,119.8,11.76,205.95,0.031493,0.000382582081246522,0,2337.0,100.9,0.015128640229515997,0.026567609056437166,21.57898862670068,23.76340835813492,60.0
bench-b,chaos-mesh,n1,Latency 50ms,Network,24,119.73,12.11,170.62,0.026706,0.0,0,1911.7,92.9,0.016141666378226643,0.02269966879345824,21.2478409332483,23.24813988095238,60.0
bench-b,chaos-mesh,n1,Latency 50ms,Network,25,119.73,12.06,185.98,0.030257000000000003,0.0,0,2328.2,93.8,0.015411135477699931,0.02733171880161659,20.880374415391156,23.0099361359127,30.000189065933228
bench-b,chaos-mesh,n1,Latency 50ms,Network,26,119.73,10.61,180.22,0.027875,0.0,0,2304.5,93.3,0.015160940998734754,0.023680997788902865,21.039248511904763,23.069103422619047,60.0
bench-b,chaos-mesh,n1,Latency 50ms,Network,27,119.8,12.14,276.99,0.036893,0.0,0,2139.8,101.1,0.016621419602315387,0.02580506527073911,21.29969175170068,23.801184275793652,60.0
bench-b,chaos-mesh,n1,Latency 50ms,Network,28,119.8,10.83,273.92,0.032716,0.0,0,2414.6,101.5,0.015334850791097764,0.0274709259244477,21.25771949404762,23.74257502480159,29.999536991119385
bench-b,chaos-mesh,n1,Latency 50ms,Network,29,119.8,11.27,222.46,0.031278,0.0,0,2449.2,99.0,0.014799565361074131,0.02278353192520743,21.520155718537413,23.76550099206349,30.000431060791016
bench-b,chaos-mesh,n1,Latency 50ms,Network,30,119.8,12.45,278.53,0.036093,0.0,0,2040.9,101.5,0.015518286592294437,0.021998716455604226,21.172907366071428,23.71005394345238,60.0
bench-b,chaos-mesh,n2,Latency 100ms,Network,16,119.73,11.84,1010.0,0.082751,0.0,0,1822.8,97.3,0.015290753472361135,0.024543164000900636,20.479093590561224,22.805106026785715,60.0
bench-b,chaos-mesh,n2,Latency 100ms,Network,17,119.8,19.26,1020.0,0.09117700000000001,0.0005042776657160743,0,1821.2,102.5,0.017135581277824944,0.023463035158264485,20.811579241071428,23.236777653769842,0.0004248619079589844
bench-b,chaos-mesh,n2,Latency 100ms,Network,18,119.74,12.34,1010.0,0.08353100000000001,0.0,0,1474.6,93.6,0.01611505230669867,0.02133669155766787,20.2671662414966,22.540876116071427,60.0
bench-b,chaos-mesh,n2,Latency 100ms,Network,19,119.8,18.14,1020.0,0.093446,0.0,0,1650.7,99.1,0.017202644685217774,0.022753323548464204,20.78928837159864,23.13902839781746,15.00036907196045
bench-b,chaos-mesh,n2,Latency 100ms,Network,20,119.8,21.63,1010.0,0.094056,0.0,0,1910.2,102.3,0.017787264959452723,0.0267292280084367,20.884905133928573,23.368396577380953,60.0
bench-b,chaos-mesh,n2,Latency 100ms,Network,21,119.8,20.64,1040.0,0.091773,0.0,0,1967.4,100.6,0.016787643864467867,0.024017294028201994,20.41925754676871,22.90859064980159,60.00006604194641
bench-b,chaos-mesh,n2,Latency 100ms,Network,22,119.8,20.11,999.93,0.089795,0.0,0,1786.8,98.4,0.016965820810693123,0.02409733633970667,20.5396803252551,22.88623821924603,60.00023889541626
bench-b,chaos-mesh,n2,Latency 100ms,Network,23,119.8,23.53,1020.0,0.092173,0.0,0,1324.8,99.9,0.01759597452418028,0.02498172519720968,20.573067801339285,23.09703621031746,59.999596118927
bench-b,chaos-mesh,n2,Latency 100ms,Network,24,119.8,23.02,1020.0,0.09446299999999999,0.0,0,1805.1,101.4,0.017366515913386633,0.025366095150418887,20.706533003826532,23.131138392857142,60.0
bench-b,chaos-mesh,n2,Latency 100ms,Network,25,119.8,16.74,1020.0,0.08893999999999999,0.0,0,1740.5,103.8,0.01587228392000487,0.025474467426749112,20.819412667410713,23.33953373015873,44.99984693527222
bench-b,chaos-mesh,n2,Latency 100ms,Network,26,119.8,20.11,1030.0,0.09536499999999999,0.0,0,1741.8,100.8,0.017401470413036677,0.022345684212656428,20.663916347789115,23.132238963293652,0.0
bench-b,chaos-mesh,n2,Latency 100ms,Network,27,119.73,12.22,1000.0,0.08432899999999999,0.0,0,1708.9,96.4,0.016516883106060604,0.022198445286177464,20.48571694302721,22.66172185019841,60.0
bench-b,chaos-mesh,n2,Latency 100ms,Network,28,119.8,18.05,1020.0,0.088176,0.0,0,1537.7,100.2,0.016584746016913388,0.022223717791599828,20.922997714710885,23.31139942956349,14.999581098556519
bench-b,chaos-mesh,n2,Latency 100ms,Network,29,119.8,14.95,1020.0,0.087128,0.0,0,1781.2,97.7,0.017589776355168084,0.024408029408915507,20.462451171875,22.901119171626984,60.0
bench-b,chaos-mesh,n2,Latency 100ms,Network,30,119.8,15.99,1020.0,0.08840300000000001,0.0,0,1703.0,104.3,0.01749714734874705,0.025725900298734138,20.975207270408163,23.311817956349206,60.00019979476929
bench-b,chaos-mesh,n3,Latency 300ms,Network,16,119.8,17.61,2590.0,0.291489,0.0,0,1918.8,107.1,0.016579367345723465,0.023667757132585128,20.710811277636054,23.537527901785715,60.0
bench-b,chaos-mesh,n3,Latency 300ms,Network,17,119.8,17.53,2480.0,0.280769,0.0,0,1567.9,104.8,0.01717161607779077,0.02095428601568848,20.916474011479593,23.48344494047619,60.000237226486206
bench-b,chaos-mesh,n3,Latency 300ms,Network,18,119.73,16.04,2600.0,0.291028,0.0,0,1605.7,94.7,0.01663996045326292,0.024157511192687678,20.983205782312925,23.33344184027778,60.0
bench-b,chaos-mesh,n3,Latency 300ms,Network,19,119.8,18.66,2560.0,0.28492399999999996,0.0,0,1740.6,97.1,0.017147216164177546,0.021272896954842704,20.978410993303573,23.35244605654762,15.000287055969238
bench-b,chaos-mesh,n3,Latency 300ms,Network,20,119.74,15.3,2500.0,0.273902,0.0,0,1682.2,89.6,0.015779933487495238,0.024341840665731543,20.493108258928572,22.841719370039684,60.0
bench-b,chaos-mesh,n3,Latency 300ms,Network,21,119.8,20.01,2660.0,0.293636,0.0,0,1927.7,105.5,0.017502707789963805,0.022428700392217893,20.985318346088434,23.424866691468253,29.999688148498535
bench-b,chaos-mesh,n3,Latency 300ms,Network,22,119.8,14.61,2630.0,0.28237,0.0,0,1507.4,100.4,0.017907843150491667,0.020822214007928903,20.97724675807823,23.46994357638889,60.0
bench-b,chaos-mesh,n3,Latency 300ms,Network,23,119.8,17.2,2570.0,0.284711,0.0,0,1815.9,102.0,0.016062957011701882,0.02158169374730099,20.6800993835034,23.408730158730158,29.999666929244995
bench-b,chaos-mesh,n3,Latency 300ms,Network,24,119.8,19.97,2570.0,0.28373200000000004,0.0,0,1816.7,98.1,0.015979515969555425,0.02095379153430868,20.719573767006803,23.159551711309526,60.0
bench-b,chaos-mesh,n3,Latency 300ms,Network,25,119.8,16.11,2460.0,0.278413,0.0,0,1694.0,94.9,0.016178726275260586,0.021171951151716224,20.856570870535716,23.12562003968254,0.0002300739288330078
bench-b,chaos-mesh,n3,Latency 300ms,Network,26,119.8,16.78,2540.0,0.28626999999999997,0.0,0,1471.8,101.4,0.01705078959435714,0.023352025652860743,20.783375850340136,23.39198908730159,60.000120878219604
bench-b,chaos-mesh,n3,Latency 300ms,Network,27,119.74,14.58,2420.0,0.275051,0.0,0,1477.8,92.9,0.016799120506139065,0.022325953303420597,20.58135363520408,22.94442894345238,29.99974298477173
bench-b,chaos-mesh,n3,Latency 300ms,Network,28,119.74,16.94,2550.0,0.280563,0.0,0,1653.9,91.4,0.01595433907266918,0.02299875546654073,20.310374149659864,22.83238777281746,60.0
bench-b,chaos-mesh,n3,Latency 300ms,Network,29,119.8,20.05,2630.0,0.292305,0.0,0,1511.7,102.6,0.017278110325540587,0.02262175873020344,20.80110012755102,23.483909970238095,15.00023078918457
bench-b,chaos-mesh,n3,Latency 300ms,Network,30,119.8,21.63,2520.0,0.28802300000000003,0.0,0,1754.5,97.7,0.01653383237104825,0.022037441804785392,20.844620269982993,23.307167658730158,60.0
bench-b,chaos-mesh,n4,Packet Loss 5%,Network,16,119.8,16.43,282.37,0.029493,0.0,0,2176.8,103.2,0.01805471974200635,0.02788856819141503,21.3472443664966,23.341812375992063,60.0
bench-b,chaos-mesh,n4,Packet Loss 5%,Network,17,119.74,12.3,183.55,0.022064,0.0,0,2325.9,100.7,0.016710548915429068,0.027339186059408743,20.525357408588434,22.66916232638889,60.0
bench-b,chaos-mesh,n4,Packet Loss 5%,Network,18,119.73,12.35,271.61,0.027224,0.0,0,2163.1,98.1,0.01606536123406288,0.024171350724681313,20.45453337585034,22.693638392857142,0.00017499923706054688
bench-b,chaos-mesh,n4,Packet Loss 5%,Network,19,119.73,14.37,281.6,0.028231000000000003,0.0,0,2027.2,93.9,0.017387021115527514,0.022329940683502157,20.737929156037413,22.670107886904763,15.00019097328186
bench-b,chaos-mesh,n4,Packet Loss 5%,Network,20,119.79,20.75,278.53,0.032645,0.0,0,2006.8,98.6,0.017590902915583878,0.02591240868667569,20.805816857993197,22.964921254960316,0.0
bench-b,chaos-mesh,n4,Packet Loss 5%,Network,21,119.8,14.29,277.76,0.030099,0.0003999721758486366,0,2231.8,108.3,0.01705689173766261,0.024774549493331778,20.986773224914966,23.367218501984127,60.0
bench-b,chaos-mesh,n4,Packet Loss 5%,Network,22,119.79,14.89,264.19,0.030626,0.0,0,2220.3,108.2,0.016792438331195203,0.02979225744534741,20.90718005952381,23.294642857142858,59.99990487098694
bench-b,chaos-mesh,n4,Packet Loss 5%,Network,23,119.73,10.73,168.83,0.021463,0.0,0,1855.7,97.5,0.01736404063504043,0.023648577242951045,20.615227731717688,22.841006324404763,60.0
bench-b,chaos-mesh,n4,Packet Loss 5%,Network,24,119.74,10.76,206.72,0.021172999999999997,0.0,0,2016.6,99.4,0.0168555858727354,0.025657686155761916,20.328722895408163,22.65939670138889,60.0
bench-b,chaos-mesh,n4,Packet Loss 5%,Network,25,119.8,15.21,219.26,0.026886,0.0,0,1896.2,104.2,0.0171624235732979,0.02536820013941787,20.60385443239796,23.057214161706348,60.000112771987915
bench-b,chaos-mesh,n4,Packet Loss 5%,Network,26,119.8,19.49,278.53,0.033006,0.0,0,2035.1,103.5,0.017566108059000645,0.026178602122181205,20.727074032738095,23.14687189980159,60.0
bench-b,chaos-mesh,n4,Packet Loss 5%,Network,27,119.8,12.37,334.33,0.031384,0.0,0,1799.5,103.7,0.017292683869496176,0.026397174505150584,20.657399287840136,23.037853422619047,0.0
bench-b,chaos-mesh,n4,Packet Loss 5%,Network,28,119.73,10.61,194.3,0.019738,0.0,0,2416.6,96.9,0.01507211538830828,0.0269518840013754,20.60409458705357,22.7306392609127,60.0
bench-b,chaos-mesh,n4,Packet Loss 5%,Network,29,119.8,15.53,322.56,0.036813000000000005,0.0,0,1985.6,107.7,0.017440533535110502,0.027897259662189675,20.854638339710885,23.272708953373016,60.0
bench-b,chaos-mesh,n4,Packet Loss 5%,Network,30,119.8,14.69,252.93,0.029675,0.0,0,2252.6,108.4,0.016891040455645708,0.027156170938515453,20.540524022108844,22.930958581349206,60.0
bench-b,chaos-mesh,n5,Network Partition,Network,16,119.73,13.74,45740.0,4.931945,0.008907756010995511,0,5161.9,97.0,0.016140531996178802,0.04283412767646072,20.63079294217687,23.925099206349206,45.0000479221344
bench-b,chaos-mesh,n5,Network Partition,Network,17,119.8,16.93,46140.0,4.084919,0.008903728436282694,0,5145.9,144.0,0.017033429221993083,0.026850074093271142,21.178584715136054,25.157753596230158,14.999939918518066
bench-b,chaos-mesh,n5,Network Partition,Network,18,119.8,17.38,46530.0,4.5994530000000005,0.009320928614903051,0,4414.4,148.1,0.01772731288754767,0.0300326209024323,21.04751275510204,24.99321056547619,15.000080108642578
bench-b,chaos-mesh,n5,Network Partition,Network,19,119.8,18.4,45680.0,4.086996,0.008903728436282694,0,5624.8,152.6,0.0174541981028435,0.026863800590018853,21.141521843112244,24.74937996031746,60.00033497810364
bench-b,chaos-mesh,n5,Network Partition,Network,20,119.8,15.59,45610.0,4.2089,0.008921118530884809,0,5737.5,123.3,0.017095226669463934,0.036536730629863644,21.34609507865646,24.826202876984127,60.0
bench-b,chaos-mesh,n5,Network Partition,Network,21,119.74,14.49,46170.0,4.1154660000000005,0.008907756010995511,0,5852.4,142.4,0.016870099641388487,0.0288882886119589,20.672963169642856,24.601903521825395,60.00044894218445
bench-b,chaos-mesh,n5,Network Partition,Network,22,119.8,17.34,45880.0,5.174682,0.009842793544796884,0,5901.0,113.7,0.016672975323480808,0.0538573195296241,21.24143680909864,24.86957465277778,60.0
bench-b,chaos-mesh,n5,Network Partition,Network,23,119.8,16.36,45810.0,4.033071,0.008903728436282694,0,4635.9,145.4,0.017794315614325772,0.03321962873185665,21.513950892857142,25.40531994047619,60.0
bench-b,chaos-mesh,n5,Network Partition,Network,24,119.8,18.3,45680.0,4.128759,0.008903728436282694,0,5823.1,146.6,0.016933083937631706,0.02721523138200657,21.712432238520407,25.517438616071427,60.0
bench-b,chaos-mesh,n5,Network Partition,Network,25,119.8,19.89,45250.0,4.024124,0.008903728436282694,0,4357.0,144.8,0.017297833213321262,0.024394748410504492,21.293799160289115,25.178369915674605,60.00044107437134
bench-b,chaos-mesh,n5,Network Partition,Network,26,119.8,24.11,45880.0,4.15388,0.008903728436282694,0,5753.7,147.4,0.017075657608158927,0.02657042747755395,21.445870535714285,25.34255642361111,60.00028705596924
bench-b,chaos-mesh,n5,Network Partition,Network,27,119.8,18.77,46370.0,4.167897,0.008903728436282694,0,5674.7,143.3,0.017309335251133935,0.025643830992756318,21.58074245323129,25.015997023809526,60.0
bench-b,chaos-mesh,n5,Network Partition,Network,28,119.8,21.02,46300.0,4.190892,0.009008069003895381,0,5852.9,152.7,0.016748167422712876,0.025685746680341036,21.53641880580357,25.476407490079364,45.00019311904907
bench-b,chaos-mesh,n5,Network Partition,Network,29,119.8,19.44,45090.0,4.2074229999999995,0.008903728436282694,0,4899.0,145.3,0.017744767785758186,0.027722244195959134,21.617619977678572,25.597795758928573,59.999693870544434
bench-b,chaos-mesh,n5,Network Partition,Network,30,119.74,12.85,46400.0,4.198028,0.008907756010995511,0,3971.0,150.7,0.01715572114192063,0.02710109091386145,21.140977093962587,25.12659660218254,45.00026988983154
bench-b,chaos-mesh,p1,Pod Kill,Pod/Container,16,119.8,11.57,242.05,0.022407,0.0,0,2204.5,99.7,0.015954224791935114,0.02482427595183298,20.677574936224488,22.86187065972222,60.0
bench-b,chaos-mesh,p1,Pod Kill,Pod/Container,17,119.8,10.83,228.22,0.020187,0.0,0,1997.7,97.8,0.016855361684785353,0.0280531969161382,20.621718218537413,22.85346912202381,60.00027108192444
bench-b,chaos-mesh,p1,Pod Kill,Pod/Container,18,119.74,9.73,196.86,0.018026,1.7397960958975608e-05,0,2161.6,93.6,0.015255761344847744,0.02568828242726402,20.423044217687075,22.518539186507937,60.0
bench-b,chaos-mesh,p1,Pod Kill,Pod/Container,19,119.8,11.94,386.3,0.031849,1.7390094602114636e-05,0,1854.5,99.3,0.016897316512148198,0.027697841189661877,20.961336096938776,23.286659846230158,8.273124694824219e-05
bench-b,chaos-mesh,p1,Pod Kill,Pod/Container,20,119.8,13.92,269.82,0.026123,0.0,0,2227.0,103.0,0.01584328429573967,0.024921612167338215,21.075348107993197,23.27605716765873,0.00038814544677734375
bench-b,chaos-mesh,p1,Pod Kill,Pod/Container,21,119.8,10.85,333.05,0.024905,0.00043475236505286587,0,2088.6,99.3,0.01641362246260621,0.028791048872753473,20.76489423894558,23.035171750992063,60.0
bench-b,chaos-mesh,p1,Pod Kill,Pod/Container,22,119.8,11.05,202.37,0.017828,0.0,0,2533.1,100.1,0.01473708169083216,0.025386937789203413,20.73080755739796,22.90301029265873,60.0
bench-b,chaos-mesh,p1,Pod Kill,Pod/Container,23,119.8,13.46,336.13,0.031413,0.0,0,2305.8,98.8,0.01553001265081008,0.028244461853525953,20.913922991071427,23.209402901785715,30.000183820724487
bench-b,chaos-mesh,p1,Pod Kill,Pod/Container,24,119.8,12.19,248.32,0.021328,0.0,0,2187.1,96.7,0.015874323403490275,0.026242672035116495,21.003069196428573,23.185825892857142,60.0
bench-b,chaos-mesh,p1,Pod Kill,Pod/Container,25,119.73,11.47,178.82,0.017849,1.7397960958975608e-05,0,2297.6,94.6,0.015936553454129247,0.023069858865128055,20.427350725446427,22.588944692460316,44.99960708618164
bench-b,chaos-mesh,p1,Pod Kill,Pod/Container,26,119.74,13.04,309.76,0.022557999999999998,3.4795921917951215e-05,0,2100.1,94.3,0.016193438923186244,0.027757630530504448,20.470370960884352,22.56569320436508,60.0
bench-b,chaos-mesh,p1,Pod Kill,Pod/Container,27,119.8,11.88,208.26,0.019474,0.0,0,2227.7,100.9,0.015429562623164281,0.027134802892916966,20.768767272534014,23.011563740079364,45.000277042388916
bench-b,chaos-mesh,p1,Pod Kill,Pod/Container,28,119.8,14.69,264.19,0.025343,5.2169376575949915e-05,0,2100.7,100.0,0.01702429782113874,0.0249367091984174,21.15463568239796,23.440755208333332,59.99960112571716
bench-b,chaos-mesh,p1,Pod Kill,Pod/Container,29,119.8,11.82,212.22,0.021424,1.7390094602114636e-05,0,2261.2,105.2,0.015048441643624847,0.024480383008888325,20.97294224330357,23.177718874007937,29.99967384338379
bench-b,chaos-mesh,p1,Pod Kill,Pod/Container,30,119.8,11.87,235.77,0.020135,1.7390094602114636e-05,0,2272.6,100.4,0.016060537436865936,0.02786893587668256,20.698375053146258,22.900018601190474,60.0
bench-b,chaos-mesh,p2,Container Kill,Pod/Container,16,119.55,20.45,1810.0,0.39248200000000005,0.0017426764024188349,1,12129.4,102.5,0.016379120251587883,0.09280039798983786,21.000478316326532,23.2529296875,60.0
bench-b,chaos-mesh,p2,Container Kill,Pod/Container,17,119.59,20.13,1140.0,0.326961,0.001742038882307853,1,6140.0,99.3,0.016229010017662276,0.05288106843623191,20.933440954506803,22.883928571428573,59.999906063079834
bench-b,chaos-mesh,p2,Container Kill,Pod/Container,18,119.59,16.14,1090.0,0.324701,0.001742038882307853,1,13037.0,109.3,0.015232789311706402,0.07187352376238154,21.12114025297619,23.55952380952381,60.0
bench-b,chaos-mesh,p2,Container Kill,Pod/Container,19,119.59,15.21,1160.0,0.332907,0.001742038882307853,1,12295.7,100.6,0.016168619021112485,0.07895760034055072,20.7765625,23.267717633928573,30.000030040740967
bench-b,chaos-mesh,p2,Container Kill,Pod/Container,20,119.59,14.58,24120.0,1.664384,0.03558985436554944,1,13091.0,96.3,0.015174635357538015,0.07708796050098411,20.798316592261905,22.852725074404763,60.0
bench-b,chaos-mesh,p2,Container Kill,Pod/Container,21,119.58,12.9,1100.0,0.320288,0.001742038882307853,1,12729.3,100.9,0.015604744053264064,0.06526172017353597,20.91706526360544,23.11199466765873,60.0
bench-b,chaos-mesh,p2,Container Kill,Pod/Container,22,113.49,16.34,32229.999999999996,3.172723,0.07685671280149785,1,1709.6,92.3,0.015305898348256962,0.014047760504693961,20.82902848639456,22.362056671626984,0.0003211498260498047
bench-b,chaos-mesh,p2,Container Kill,Pod/Container,23,119.3,15.26,27100.0,2.113585,0.04620139337535577,1,12539.7,96.7,0.01585069826374086,0.07333310949773648,21.036777210884352,22.78884548611111,60.0
bench-b,chaos-mesh,p2,Container Kill,Pod/Container,24,119.59,19.2,1180.0,0.331199,0.001742038882307853,1,12057.4,102.0,0.016466023482347072,0.08070190010573766,20.973466730442176,23.174944196428573,60.0
bench-b,chaos-mesh,p2,Container Kill,Pod/Container,25,119.51,14.55,1180.0,0.32670299999999997,0.0017428282617030918,1,13405.8,99.9,0.01482526388513279,0.09898206466734949,20.78145228794643,22.997984871031747,59.99970722198486
bench-b,chaos-mesh,p2,Container Kill,Pod/Container,26,119.58,20.56,1520.0,0.365968,0.001742038882307853,1,12003.6,109.7,0.01653621710839787,0.08495575249533067,20.771643813775512,23.43159412202381,60.0
bench-b,chaos-mesh,p2,Container Kill,Pod/Container,27,119.46,15.66,1670.0,0.32201,0.001743709567734398,1,12925.2,90.2,0.015327203601984817,0.09554645327406361,20.675475659013607,22.49366009424603,60.0
bench-b,chaos-mesh,p2,Container Kill,Pod/Container,28,119.59,19.17,1120.0,0.327941,0.001742038882307853,1,12649.9,106.4,0.015700777290890058,0.0722447149523367,20.86821056547619,23.147321428571427,60.0
bench-b,chaos-mesh,p2,Container Kill,Pod/Container,29,119.57,17.06,1730.0,0.354109,0.001742342405129456,1,11964.4,100.0,0.01645728854289652,0.08499827136429211,21.090767166241495,23.15386284722222,60.0
bench-b,chaos-mesh,p2,Container Kill,Pod/Container,30,119.59,23.85,1130.0,0.334428,0.0018814019928924813,1,12637.9,109.8,0.015714231696183672,0.09595524530263909,21.07656382865646,23.68212115575397,60.0
bench-b,chaos-mesh,p3,Pod Failure,Pod/Container,16,119.8,13.22,69000.0,9.154485000000001,0.015198942682248192,4,1553.0,90.3,0.01606520688367299,0.011965777219217742,21.202938988095237,24.805735518292682,0.00017595291137695312
bench-b,chaos-mesh,p3,Pod Failure,Pod/Container,17,119.8,19.5,68400.0,8.767275999999999,0.014346828046744574,4,1768.9,91.1,0.015816660350374198,0.014573144044562976,21.00944674744898,24.723910696138212,0.0
bench-b,chaos-mesh,p3,Pod Failure,Pod/Container,18,116.19,14.14,70200.0,11.14007,0.014559277056587536,4,1438.3,91.0,0.01641301373547412,0.014778269608938877,20.778466464710885,24.878810975609756,0.00041794776916503906
bench-b,chaos-mesh,p3,Pod Failure,Pod/Container,19,119.8,14.9,68400.0,9.435883,0.014190317195325543,4,1801.6,89.5,0.016726004215003486,0.013320656403065262,20.953888977465986,24.667555894308943,0.0
bench-b,chaos-mesh,p3,Pod Failure,Pod/Container,20,119.74,17.41,69600.0,8.955300999999999,0.013813981001426633,3,1978.1,89.0,0.014761699414925288,0.011360157391450795,20.78154894770408,24.662633384146343,0.0004868507385253906
bench-b,chaos-mesh,p3,Pod Failure,Pod/Container,21,119.74,18.88,70200.0,9.739288,0.01414528055676381,3,1960.4,90.7,0.015449952498514047,0.014042508658323025,21.000059789540817,24.844623348577237,0.0
bench-b,chaos-mesh,p3,Pod Failure,Pod/Container,22,117.84,13.38,70200.0,11.226286,0.0141081625797783,3,1477.4,89.6,0.016690829028032657,0.013197002605901785,20.943419164540817,24.83076092479675,8.20159912109375e-05
bench-b,chaos-mesh,p3,Pod Failure,Pod/Container,23,117.04,14.98,70200.0,11.083675999999999,0.014789898019114742,3,1766.6,91.2,0.01460049424990524,0.012488085343721061,21.09563669217687,24.930735518292682,0.0
bench-b,chaos-mesh,p3,Pod Failure,Pod/Container,24,119.79,14.02,70800.0,9.295853999999999,0.014364967565781464,3,1448.5,92.0,0.016165437636111436,0.013353660888130217,21.25315555909864,24.945471290650406,0.0
bench-b,chaos-mesh,p3,Pod Failure,Pod/Container,25,119.8,11.95,67800.0,8.676511,0.01455550918196995,3,1723.1,89.1,0.016152638192819396,0.01242251241255231,21.12133955144558,24.72931427125506,0.0
bench-b,chaos-mesh,p3,Pod Failure,Pod/Container,26,119.8,14.84,69600.0,9.308278,0.014207707289927657,3,1754.8,92.4,0.016031570426099873,0.014138490384878168,21.300907472363946,25.140243902439025,0.0
bench-b,chaos-mesh,p3,Pod Failure,Pod/Container,27,119.8,13.3,68400.0,8.819674000000001,0.014120756816917084,3,1764.3,93.5,0.015238658801062037,0.013556408878029846,21.44365832270408,25.062579395325205,0.00018477439880371094
bench-b,chaos-mesh,p3,Pod Failure,Pod/Container,28,119.73,13.11,69000.0,8.964482,0.01457949128362156,3,2081.3,85.3,0.014665704988959933,0.012128765062418159,21.06021902901786,24.645309324186993,0.0
bench-b,chaos-mesh,p3,Pod Failure,Pod/Container,29,119.74,13.92,69600.0,9.380931,0.014283725947318974,3,1640.1,85.8,0.016456597538754964,0.014498409486016656,21.506118463010203,24.963271722560975,0.0
bench-b,chaos-mesh,p3,Pod Failure,Pod/Container,30,119.74,12.07,69000.0,9.252454,0.0143359198301959,3,1803.7,86.0,0.015786030746302783,0.013904014777243843,20.944535235969386,24.771436737804876,0.0
bench-b,chaos-mesh,r1,CPU Stress 80%,Resource,16,119.8,12.86,240.9,0.026295000000000002,0.0,0,5595.5,102.2,0.017592020037727987,0.053808753966822706,22.975705516581634,25.181439112103174,60.0
bench-b,chaos-mesh,r1,CPU Stress 80%,Resource,17,119.8,16.32,261.89,0.03159,0.0,0,5750.8,100.8,0.017107744784106108,0.05862386978157941,22.671030970982144,25.044363839285715,60.0
bench-b,chaos-mesh,r1,CPU Stress 80%,Resource,18,119.8,18.32,261.89,0.033533,0.0,0,5275.6,102.1,0.018614250000863745,0.04610953319418654,22.3931428039966,24.65477740575397,60.0
bench-b,chaos-mesh,r1,CPU Stress 80%,Resource,19,119.8,15.41,236.54,0.028014,0.0,0,5552.0,102.9,0.017708585815255196,0.059919322233348685,22.260875053146258,24.854895213293652,60.00036907196045
bench-b,chaos-mesh,r1,CPU Stress 80%,Resource,20,119.8,17.3,235.13,0.031077,0.0,0,5680.3,101.7,0.017311508272795643,0.05532839939017929,21.400550063775512,24.094091021825395,60.0
bench-b,chaos-mesh,r1,CPU Stress 80%,Resource,21,119.8,16.91,273.92,0.032293999999999996,0.0,0,5501.3,104.1,0.017859113923567174,0.05814010378928759,21.659824085884352,24.30597408234127,60.0
bench-b,chaos-mesh,r1,CPU Stress 80%,Resource,22,119.8,15.39,278.78,0.032752,0.0,0,5670.0,109.5,0.017363819153326514,0.053824803173845207,21.120316485969386,23.937531001984127,60.0
bench-b,chaos-mesh,r1,CPU Stress 80%,Resource,23,119.73,10.95,160.0,0.020215,0.0,0,6019.8,94.2,0.016371414509615476,0.057495902722539,20.916141183035716,23.32753596230159,44.999961137771606
bench-b,chaos-mesh,r1,CPU Stress 80%,Resource,24,119.73,14.11,236.54,0.027601,0.0,0,5863.8,97.9,0.016774712536170938,0.05927109329321864,20.892053305697278,23.234793526785715,60.00030303001404
bench-b,chaos-mesh,r1,CPU Stress 80%,Resource,25,119.68,11.86,129.02,0.020449000000000002,0.0,0,6139.1,101.3,0.01603698286624099,0.05579163865245407,21.02637416294643,22.95160590277778,60.0
bench-b,chaos-mesh,r1,CPU Stress 80%,Resource,26,119.8,15.91,358.14,0.039403,0.0,0,5110.2,101.5,0.019203570188022025,0.06157535370848384,20.77922379889456,23.476531498015873,60.00033187866211
bench-b,chaos-mesh,r1,CPU Stress 80%,Resource,27,119.8,14.88,272.38,0.030698,0.0,0,5889.3,100.9,0.0167113909784183,0.051948721528848156,20.743077699829932,23.313414558531747,60.0
bench-b,chaos-mesh,r1,CPU Stress 80%,Resource,28,119.8,15.42,279.55,0.030405,0.0,0,5737.3,102.6,0.017141347127190034,0.04616606221988217,20.9634553039966,23.438399057539684,60.0
bench-b,chaos-mesh,r1,CPU Stress 80%,Resource,29,119.8,17.22,289.28,0.034467,0.0,0,5388.2,99.5,0.018228477772846134,0.05284987279006052,20.760595703125,23.246419270833332,30.000306844711304
bench-b,chaos-mesh,r1,CPU Stress 80%,Resource,30,119.74,13.06,202.62,0.025335,0.00022617349246668292,0,5579.8,99.3,0.017625255257369684,0.053370459828102755,20.437420280612244,22.81504216269841,60.0
bench-b,chaos-mesh,r2,Memory Pressure 80%,Resource,16,119.8,15.45,263.93,0.026496,0.0,0,2008.8,241.7,0.017464548206375326,0.027975340904953995,20.847941911139454,30.939127604166668,14.999905109405518
bench-b,chaos-mesh,r2,Memory Pressure 80%,Resource,17,119.8,19.92,257.54,0.031242000000000002,0.0,0,2044.1,242.3,0.019254935090952073,0.029440053849432643,20.519723905187075,30.749100942460316,60.000218868255615
bench-b,chaos-mesh,r2,Memory Pressure 80%,Resource,18,119.68,10.15,103.93,0.015212999999999999,0.0,0,1853.1,241.1,0.01661877239321684,0.025202270348050882,20.514415922619047,30.18461681547619,60.0
bench-b,chaos-mesh,r2,Memory Pressure 80%,Resource,19,119.8,19.42,265.98,0.031459,0.0,0,2112.8,242.6,0.016852952830659348,0.027078983700403972,20.621205357142856,30.847501240079364,60.0
bench-b,chaos-mesh,r2,Memory Pressure 80%,Resource,20,119.8,20.77,269.82,0.032098999999999996,0.0,0,2160.4,242.2,0.017351515591725264,0.026946722335962795,20.684975552721088,30.891229538690474,60.0
bench-b,chaos-mesh,r2,Memory Pressure 80%,Resource,21,119.8,15.1,251.13,0.025684000000000002,0.0,0,1797.7,241.2,0.017512853304342033,0.02512213155418069,21.13726349914966,30.220145089285715,59.99972915649414
bench-b,chaos-mesh,r2,Memory Pressure 80%,Resource,22,119.8,22.8,280.58,0.035501,0.0,0,1929.7,241.5,0.018351336059238173,0.02709201531612795,20.91723798894558,30.90874565972222,0.00036787986755371094
bench-b,chaos-mesh,r2,Memory Pressure 80%,Resource,23,119.74,11.19,176.77,0.02009,0.0,0,2043.1,241.7,0.016275098689401742,0.0240090938165414,20.4605256164966,30.368133060515873,60.0
bench-b,chaos-mesh,r2,Memory Pressure 80%,Resource,24,119.8,14.52,245.38,0.02489,0.0,0,1533.0,241.4,0.017784319300565458,0.023240681805074853,20.96913531037415,30.973121279761905,60.0
bench-b,chaos-mesh,r2,Memory Pressure 80%,Resource,25,119.8,14.02,238.34,0.024682,0.0,0,2189.7,241.7,0.017348235507068294,0.028132416412418867,21.075648716517858,31.074993799603174,60.0
bench-b,chaos-mesh,r2,Memory Pressure 80%,Resource,26,119.74,11.09,139.9,0.017365,0.0,0,2205.2,241.5,0.01592842763083644,0.025916874342539673,20.58587106717687,30.464812748015873,60.0
bench-b,chaos-mesh,r2,Memory Pressure 80%,Resource,27,119.8,14.06,228.86,0.023396999999999998,0.0,0,2075.1,242.3,0.01656952763180377,0.02427856108105521,20.631277901785715,30.719199528769842,0.0
bench-b,chaos-mesh,r2,Memory Pressure 80%,Resource,28,119.8,17.17,309.76,0.030238,0.0,0,2031.0,241.7,0.01836458921779606,0.030711319866788385,20.80568399234694,31.010137648809526,14.999640941619873
bench-b,chaos-mesh,r2,Memory Pressure 80%,Resource,29,119.74,13.56,154.37,0.02135,0.0,0,1965.4,241.6,0.017622102459745402,0.026004116628560243,20.529150722789115,30.613839285714285,60.0
bench-b,chaos-mesh,r2,Memory Pressure 80%,Resource,30,119.8,14.78,282.88,0.028102000000000002,0.0,0,2280.5,241.6,0.016378798353818964,0.02980142488050224,20.824093191964284,30.900530133928573,60.0
bench-b,litmus,a1,HTTP Abort 503,Application,1,97.7,17.97,87600.0,9.827995999999999,0.11041453428863869,0,21790.4,200.9,0.016419742016072044,0.1044274208821451,21.051266209608844,26.40926460597826,60.000298738479614
bench-b,litmus,a1,HTTP Abort 503,Application,10,105.31,17.63,77400.0,7.653359999999999,0.09707220573689417,0,19707.6,204.1,0.018029801589309294,0.11510830833448764,20.84574497767857,25.7342334692029,60.00031900405884
bench-b,litmus,a1,HTTP Abort 503,Application,11,100.09,15.9,87000.0,10.811463,0.11252653927813164,0,21884.2,211.4,0.016249699457230173,0.11628413414823219,20.826643548044217,26.205785778985508,75.00007486343384
bench-b,litmus,a1,HTTP Abort 503,Application,12,101.22,16.62,85800.0,10.108327,0.0991869918699187,0,21491.5,197.2,0.016970827349042036,0.09514234555574926,20.474283854166668,25.604010982789855,74.99966597557068
bench-b,litmus,a1,HTTP Abort 503,Application,13,99.57,17.25,87000.0,11.205543,0.10538538789856892,0,19668.6,214.2,0.01837967588524921,0.10234925439429422,20.893594547193878,26.142181838768117,15.000386953353882
bench-b,litmus,a1,HTTP Abort 503,Application,14,101.24,15.83,82800.0,9.97266,0.10936889108381176,0,21583.3,227.7,0.01668919767930093,0.11735919356487266,20.737298044217688,26.40916553442029,14.999751091003418
bench-b,litmus,a1,HTTP Abort 503,Application,15,102.27,16.58,79200.0,9.561903000000001,0.11989733561476412,0,21227.4,210.8,0.017165061947577498,0.11174658252775857,20.57722151360544,26.244876585144926,74.99961495399475
bench-b,litmus,a1,HTTP Abort 503,Application,2,102.42,17.9,85200.0,9.423191000000001,0.09682274927789757,0,21608.9,172.2,0.016589266457646072,0.105602177714044,20.85162893282313,25.658726788949274,14.999876976013184
bench-b,litmus,a1,HTTP Abort 503,Application,3,108.4,16.96,70200.0,5.983579,0.09915052275522755,0,20865.0,187.6,0.017466888680565586,0.10810594051153617,20.867725605867346,25.85814368206522,60.00032091140747
bench-b,litmus,a1,HTTP Abort 503,Application,4,98.8,12.22,83400.0,9.044797,0.12478124275201889,0,21175.0,239.2,0.01660003064216854,0.09487583919497507,20.24711681547619,25.959493885869566,14.999747037887573
bench-b,litmus,a1,HTTP Abort 503,Application,5,101.16,16.45,85800.0,8.995016,0.10119856666254788,0,21958.4,171.3,0.016661250828346352,0.06622295543901573,20.534598214285715,25.66118942481884,0.0
bench-b,litmus,a1,HTTP Abort 503,Application,6,103.31,16.58,78600.0,9.284063,0.11572897761645493,0,20754.1,257.6,0.017032343229935583,0.11953554500776495,20.765966796875,26.468212182971016,14.9997239112854
bench-b,litmus,a1,HTTP Abort 503,Application,7,112.83,15.14,57600.0,3.935708,0.092117653575583,0,21448.5,176.8,0.016419330381745527,0.09834837699849108,20.768282645089286,25.5509227807971,0.0
bench-b,litmus,a1,HTTP Abort 503,Application,8,99.54,18.17,87000.0,11.060405000000001,0.10466503421862247,0,19515.4,194.2,0.017209164776842194,0.06945352332701483,20.754165338010203,25.860040194746375,0.0
bench-b,litmus,a1,HTTP Abort 503,Application,9,98.66,13.39,89400.0,10.370473,0.10514536663640395,0,21194.8,162.0,0.016789246266876875,0.07395283301684329,20.644810267857142,25.37382529438406,75.00047898292542
bench-b,litmus,a2,gRPC Unavailable,Application,1,119.73,12.06,512.77,0.060076,0.0006611225164410731,0,20079.6,95.0,0.017022979521286483,0.08936777589297044,20.352658641581634,22.670997509057973,60.0
bench-b,litmus,a2,gRPC Unavailable,Application,10,119.8,18.77,5070.0,0.172044,0.0016172787979966611,0,16637.2,107.3,0.018283042240009456,0.10181731076131581,22.696621226615648,25.566505321557973,45.00011610984802
bench-b,litmus,a2,gRPC Unavailable,Application,11,119.8,15.57,10650.0,0.37200900000000003,0.0027998052309404563,0,18615.6,105.5,0.017186562462074118,0.07618904400624675,22.635609321853742,25.667699841485508,60.0
bench-b,litmus,a2,gRPC Unavailable,Application,12,119.74,10.33,318.98,0.044153,0.0007481123212359511,0,20707.8,91.0,0.01665489367066951,0.07919573847149064,22.974449936224488,24.721835371376812,60.0
bench-b,litmus,a2,gRPC Unavailable,Application,13,119.74,14.75,783.36,0.07716200000000001,0.0007307143602769755,0,16738.7,94.4,0.01813066812442944,0.0651786615195888,23.464651094812925,25.425101902173914,60.0
bench-b,litmus,a2,gRPC Unavailable,Application,14,119.8,15.59,3940.0,0.13253600000000001,0.0012520868113522537,0,19331.2,100.6,0.017735334846526646,0.08228671414614673,23.160641209608844,25.552210711050726,60.0
bench-b,litmus,a2,gRPC Unavailable,Application,15,119.74,16.48,875.52,0.075303,0.0010960715404154634,0,17121.8,97.7,0.017581613934874937,0.08799255591781269,22.2466796875,24.9228515625,60.0
bench-b,litmus,a2,gRPC Unavailable,Application,2,119.8,14.5,3560.0,0.1378,0.0015651085141903172,0,18475.3,106.2,0.01750251653843883,0.09218679998523953,20.883749202806122,24.162349977355074,0.0
bench-b,litmus,a2,gRPC Unavailable,Application,3,119.8,18.77,945.66,0.076067,0.0010260155815247636,0,20336.4,102.4,0.017735345882611026,0.09184225771554949,21.225326849489797,23.45513473731884,44.99956774711609
bench-b,litmus,a2,gRPC Unavailable,Application,4,119.8,16.61,5950.0,0.19356700000000002,0.0016868391764051196,0,20485.3,102.2,0.016605368526799322,0.08052306251260145,21.57099011479592,24.279636548913043,60.0
bench-b,litmus,a2,gRPC Unavailable,Application,5,119.8,16.02,560.13,0.05993,0.0009912353923205342,0,18966.3,97.7,0.01800924880523153,0.0849387826362983,21.73496625212585,24.066774230072465,60.0
bench-b,litmus,a2,gRPC Unavailable,Application,6,119.8,14.41,440.06,0.045937,0.0008521146355036171,0,18797.8,98.3,0.018188515987348657,0.06993975734942066,21.717494419642858,24.250707653985508,60.0
bench-b,litmus,a2,gRPC Unavailable,Application,7,119.8,18.11,3390.0,0.127469,0.001530328324986088,0,20424.3,101.9,0.017041382541158247,0.08841226285999954,21.802016900510203,24.32246376811594,60.0
bench-b,litmus,a2,gRPC Unavailable,Application,8,119.8,15.85,399.61,0.036992,0.0003478018920422927,0,20133.2,100.5,0.017231640879016578,0.1069322573415588,21.882433832908163,24.304078917572465,60.0
bench-b,litmus,a2,gRPC Unavailable,Application,9,119.74,12.61,437.25,0.055438,0.0006089286335641463,0,19246.5,97.8,0.017857909848736808,0.11104640701478813,21.75124893707483,24.071600430253625,60.0
bench-b,litmus,n1,Latency 50ms,Network,1,119.8,13.17,409.09,0.043372999999999995,0.0,0,1849.8,99.1,0.016190662950860427,0.02674798263273018,20.804807079081634,22.1642040307971,60.0
bench-b,litmus,n1,Latency 50ms,Network,10,119.8,12.77,232.32,0.031998,0.0,0,2258.5,97.9,0.01555200017642821,0.025786620894542256,20.75497349330357,22.01278023097826,60.0
bench-b,litmus,n1,Latency 50ms,Network,11,119.8,11.81,361.73,0.038602,0.0,0,1973.5,100.7,0.01601521652658419,0.024477977168750945,21.30661405187075,22.47078804347826,60.0
bench-b,litmus,n1,Latency 50ms,Network,12,119.8,13.35,261.38,0.035966,0.0,0,2515.2,98.8,0.015794368990786595,0.023360526669473487,21.07162388392857,22.136011096014492,0.0003619194030761719
bench-b,litmus,n1,Latency 50ms,Network,13,119.74,12.26,221.44,0.033413,0.0,0,2404.0,98.4,0.015089180496440362,0.02372020381742721,21.0443040497449,22.042643229166668,44.99960803985596
bench-b,litmus,n1,Latency 50ms,Network,14,119.8,13.82,269.57,0.037881,0.0,0,2266.7,101.0,0.016223076874519047,0.02024441467445127,21.30881962159864,22.333715466485508,60.0
bench-b,litmus,n1,Latency 50ms,Network,15,119.8,12.61,236.29,0.032714,0.0,0,2236.2,101.0,0.015329537155417032,0.02260780758462533,20.86337425595238,22.084649569746375,60.0
bench-b,litmus,n1,Latency 50ms,Network,2,119.73,11.16,225.15,0.029984999999999998,0.0,0,2406.5,92.0,0.014799947133250663,0.021817693394554645,21.041640093537413,21.850345335144926,60.0
bench-b,litmus,n1,Latency 50ms,Network,3,119.8,13.44,232.19,0.034925,0.0,0,2405.1,99.5,0.015426008130134967,0.02501948277246109,21.126967075892857,22.165746716485508,44.99950385093689
bench-b,litmus,n1,Latency 50ms,Network,4,119.74,12.02,482.56,0.040401000000000006,0.0,0,2040.1,94.5,0.01663845668848713,0.025797675981245976,20.709947650935373,21.755293251811594,29.999844074249268
bench-b,litmus,n1,Latency 50ms,Network,5,119.73,11.74,238.46,0.029989000000000002,0.0,0,2163.8,93.5,0.014622849919779442,0.021560872107964892,20.854458971088434,21.766205276268117,60.0
bench-b,litmus,n1,Latency 50ms,Network,6,119.8,11.76,268.8,0.035261,0.0,0,2158.4,101.2,0.015818048067707046,0.022863250962863586,20.81261293579932,22.193628283514492,15.000146865844727
bench-b,litmus,n1,Latency 50ms,Network,7,119.73,12.06,268.54,0.030966,0.0,0,2062.8,93.6,0.015665690572526918,0.02392016258594847,20.927282631802722,21.94127887228261,60.0
bench-b,litmus,n1,Latency 50ms,Network,8,119.8,12.21,216.83,0.030919000000000002,0.0,0,2275.7,98.0,0.015550636326727454,0.024330089493921347,21.06733630952381,22.065259850543477,59.99992394447327
bench-b,litmus,n1,Latency 50ms,Network,9,119.73,12.71,191.36,0.030271999999999997,0.0,0,2222.3,93.3,0.01592738814419884,0.0214432769970368,20.90791082057823,21.771979732789855,60.0
bench-b,litmus,n2,Latency 100ms,Network,1,119.8,15.73,1020.0,0.08920099999999999,0.0,0,1628.9,106.7,0.016907359271092322,0.024291033258795867,19.572046396683675,21.23828125,59.99990487098694
bench-b,litmus,n2,Latency 100ms,Network,10,119.74,16.24,973.31,0.082328,0.0,0,1832.4,95.5,0.016510481261855406,0.022981816134912007,20.158342633928573,21.400659533514492,45.00041079521179
bench-b,litmus,n2,Latency 100ms,Network,11,119.8,19.04,982.53,0.083471,0.0,0,1738.4,102.8,0.01676423159373037,0.02221452407898831,20.617293792517007,21.788383152173914,60.0
bench-b,litmus,n2,Latency 100ms,Network,12,119.8,20.51,1010.0,0.08679600000000001,0.0,0,1702.4,97.7,0.017656474331221826,0.02288892250878336,20.589518229166668,21.67767776268116,60.0
bench-b,litmus,n2,Latency 100ms,Network,13,119.8,18.7,1010.0,0.087843,1.7390094602114636e-05,0,1748.3,101.5,0.017113908679815583,0.021659449520079803,20.543161405187075,21.793506567028984,60.0
bench-b,litmus,n2,Latency 100ms,Network,14,119.73,14.81,1020.0,0.086732,0.0,0,2280.7,96.4,0.016268500115840842,0.02275312112311881,19.902523118622447,21.25880321557971,60.0
bench-b,litmus,n2,Latency 100ms,Network,15,119.8,20.13,986.62,0.085115,0.0003999721758486366,0,1776.3,99.4,0.0170871941106235,0.022938601125310046,20.396384725765305,21.625877490942027,60.0
bench-b,litmus,n2,Latency 100ms,Network,2,119.8,19.85,1010.0,0.08660899999999999,0.0,0,1591.2,100.5,0.01735075415682883,0.02319019429450583,20.186490221088434,21.471962749094203,0.0
bench-b,litmus,n2,Latency 100ms,Network,3,119.8,16.98,989.18,0.085653,0.0,0,1533.7,101.3,0.017325544514635235,0.02359591622539724,20.3782884247449,21.71082427536232,60.0
bench-b,litmus,n2,Latency 100ms,Network,4,119.74,13.82,996.86,0.081357,0.0,0,1553.0,96.1,0.017165142798154186,0.02223323352083861,20.209947650935373,21.3359375,60.0
bench-b,litmus,n2,Latency 100ms,Network,5,119.8,18.94,992.26,0.08578,0.0,0,1717.2,99.3,0.016401278812436478,0.022957219297614944,20.410621279761905,21.581932178442027,60.0
bench-b,litmus,n2,Latency 100ms,Network,6,119.8,17.5,981.5,0.085521,0.0,0,1899.1,98.8,0.01626300160283473,0.021731709732447826,20.376488095238095,21.598052536231883,60.0
bench-b,litmus,n2,Latency 100ms,Network,7,119.8,17.71,1030.0,0.08820900000000001,0.0,0,1860.5,104.9,0.016484453737166817,0.02145316914880028,20.30488978794643,21.91897361865942,60.0
bench-b,litmus,n2,Latency 100ms,Network,8,119.8,21.26,1010.0,0.087066,0.0,0,1656.6,101.5,0.016785719392506893,0.023781338574080088,20.148856026785715,21.535510076992754,60.0
bench-b,litmus,n2,Latency 100ms,Network,9,119.8,17.28,998.4,0.084872,0.0,0,1720.5,96.9,0.01686281019170095,0.024459385510298297,20.195389229910713,21.468282948369566,60.0
bench-b,litmus,n3,Latency 300ms,Network,1,119.8,18.98,2500.0,0.274886,0.0,0,1585.9,102.9,0.016844742309439664,0.02220892622763564,20.358498086734695,21.99920742753623,0.00035190582275390625
bench-b,litmus,n3,Latency 300ms,Network,10,119.73,12.47,2470.0,0.260187,0.0,0,1479.2,95.2,0.01687185407330482,0.020975465549352826,20.460698341836736,21.758888134057973,60.0
bench-b,litmus,n3,Latency 300ms,Network,11,119.8,17.97,2410.0,0.260268,0.0,0,1810.0,100.1,0.01542841456748137,0.020152763890860747,20.55500637755102,21.89921591938406,60.0
bench-b,litmus,n3,Latency 300ms,Network,12,119.73,14.58,2380.0,0.256945,0.0,0,1671.6,92.9,0.0168925883726622,0.021250635547018743,20.502072704081634,21.628566576086957,60.0
bench-b,litmus,n3,Latency 300ms,Network,13,119.8,18.78,2450.0,0.267901,0.0,0,1780.4,102.7,0.016644786129125556,0.020937975339581142,20.92966092687075,22.249504642210145,60.0
bench-b,litmus,n3,Latency 300ms,Network,14,119.73,11.34,2450.0,0.255862,0.0,0,1758.6,95.1,0.015409279297901781,0.020739070437681976,20.365991709183675,21.703747735507246,15.000405073165894
bench-b,litmus,n3,Latency 300ms,Network,15,119.8,19.73,2570.0,0.274033,0.0,0,1766.4,99.5,0.016778995250186918,0.022588404041367475,20.54816379676871,21.90533004981884,60.0
bench-b,litmus,n3,Latency 300ms,Network,2,119.8,17.42,2440.0,0.26667,0.0,0,1420.7,97.2,0.017949420074275687,0.020816417545199015,20.362975659013607,21.69229789402174,60.0
bench-b,litmus,n3,Latency 300ms,Network,3,119.8,21.14,2450.0,0.26688999999999996,0.0,0,1596.0,102.6,0.017014604264206003,0.021978022721678085,20.623013658588434,21.892266757246375,60.0
bench-b,litmus,n3,Latency 300ms,Network,4,119.8,17.41,2330.0,0.252297,0.0,0,1588.7,101.5,0.01799201254427655,0.022642688630811633,20.66428837159864,21.985054347826086,60.0
bench-b,litmus,n3,Latency 300ms,Network,5,119.8,17.1,2530.0,0.266027,0.0,0,1513.0,100.6,0.017265052949996203,0.023082198816100585,20.81679156037415,22.07989413496377,60.0
bench-b,litmus,n3,Latency 300ms,Network,6,119.8,16.14,2570.0,0.27014499999999997,0.0,0,1540.8,103.4,0.01767868982254281,0.021724359489883133,20.365692761479593,21.887539628623188,60.0
bench-b,litmus,n3,Latency 300ms,Network,7,119.8,21.25,2510.0,0.268628,0.0,0,1453.7,103.2,0.017162981431969912,0.024131522660429474,20.71938775510204,22.016092051630434,60.0
bench-b,litmus,n3,Latency 300ms,Network,8,119.8,16.98,2420.0,0.258103,0.0,0,1611.6,100.4,0.016982142086496985,0.021532978925587427,20.631503773384352,21.877448482789855,60.0
bench-b,litmus,n3,Latency 300ms,Network,9,119.8,19.73,2660.0,0.282934,0.0,0,1681.7,103.1,0.017536357695176575,0.022610914239430607,20.51133343962585,22.009029664855074,15.000265836715698
bench-b,litmus,n4,Packet Loss 5%,Network,1,119.8,16.82,316.16,0.043116,3.478018920422927e-05,0,2379.7,98.7,0.016513404549568497,0.022914524873757627,20.561563297193878,21.538524682971016,0.0
bench-b,litmus,n4,Packet Loss 5%,Network,10,119.74,12.31,286.21,0.036520000000000004,1.7397960958975608e-05,0,1975.4,92.9,0.017345419213249908,0.024518682495997878,20.5361328125,21.360691236413043,0.0
bench-b,litmus,n4,Packet Loss 5%,Network,11,119.8,17.01,304.64,0.043741999999999996,3.478018920422927e-05,0,2217.6,98.2,0.01625854860787799,0.023108044928668754,20.9111328125,21.90129642210145,9.489059448242188e-05
bench-b,litmus,n4,Packet Loss 5%,Network,12,119.8,17.42,300.8,0.046008,8.695047301057317e-05,0,1922.1,98.5,0.01735820976164927,0.0228362864525823,20.747827646683675,21.788255774456523,0.0
bench-b,litmus,n4,Packet Loss 5%,Network,13,119.8,17.55,430.08,0.055735,5.217028380634391e-05,0,2209.2,108.1,0.017172957062005844,0.027861440757993818,20.6869353210034,22.00581691576087,45.00017690658569
bench-b,litmus,n4,Packet Loss 5%,Network,14,119.74,10.29,279.81,0.033465,3.4795921917951215e-05,0,2008.5,99.1,0.01657009017372455,0.024236786485842488,20.237806919642857,21.432051064311594,60.0
bench-b,litmus,n4,Packet Loss 5%,Network,15,119.8,16.35,336.13,0.052838,0.00010434056761268782,0,2058.5,107.7,0.016644957597488214,0.024280005583177396,20.766063456632654,22.15733978713768,45.0001380443573
bench-b,litmus,n4,Packet Loss 5%,Network,2,119.8,13.17,320.51,0.047191000000000004,0.0003478018920422927,0,1972.7,108.8,0.017364163769515606,0.025047169555925633,20.75610517644558,22.08605072463768,29.999544858932495
bench-b,litmus,n4,Packet Loss 5%,Network,3,119.8,15.26,323.07,0.046028,3.477958438396661e-05,0,2139.9,106.2,0.016084107209101126,0.02447483552149104,20.560507015306122,21.88067538496377,0.0002460479736328125
bench-b,litmus,n4,Packet Loss 5%,Network,4,119.8,14.64,307.97,0.046764,0.00010434056761268782,0,1960.5,105.2,0.01751904698152202,0.02605254930928151,20.611633715986393,21.820977694746375,60.00027298927307
bench-b,litmus,n4,Packet Loss 5%,Network,5,119.8,15.0,326.4,0.045374000000000005,5.2169376575949915e-05,0,1942.6,107.0,0.01791444183365096,0.024425170490760807,20.831546290391156,22.1209522192029,30.000038862228394
bench-b,litmus,n4,Packet Loss 5%,Network,6,119.8,13.93,318.46,0.044495,3.478018920422927e-05,0,2000.3,103.6,0.016790968626477172,0.02687266245541118,20.505538504464287,21.673615828804348,60.00035214424133
bench-b,litmus,n4,Packet Loss 5%,Network,7,119.8,18.17,346.37,0.053647,0.0001391207568169171,0,2021.3,100.2,0.016141323519433023,0.025645013849988667,20.997721354166668,21.811127151268117,60.0
bench-b,litmus,n4,Packet Loss 5%,Network,8,119.79,15.83,344.32,0.0438,3.478018920422927e-05,0,2088.5,96.0,0.016839444198499805,0.022985624949381795,20.509227519132654,21.607761548913043,60.0
bench-b,litmus,n4,Packet Loss 5%,Network,9,119.73,11.87,291.58,0.034673,0.0,0,2199.5,94.0,0.017114462392467653,0.02637477410513709,20.295998086734695,21.338301064311594,45.00015091896057
bench-b,litmus,n5,Network Partition,Network,1,119.8,15.65,211.97,0.025291,0.0,0,1989.3,96.5,0.01663016798520702,0.026401877790825992,20.476708652210885,22.0576991889313,60.0
bench-b,litmus,n5,Network Partition,Network,10,119.8,15.21,229.63,0.027434999999999998,0.0,0,2174.2,108.0,0.017870234051958978,0.027859682116932256,20.737171821853742,22.472388902091254,30.00026512145996
bench-b,litmus,n5,Network Partition,Network,11,119.8,16.66,271.1,0.029565,0.0,0,2207.2,106.0,0.017678819705066923,0.023447811664994014,21.12167835884354,22.66141872623574,59.99981093406677
bench-b,litmus,n5,Network Partition,Network,12,119.8,15.28,290.3,0.032930999999999995,0.0,0,1879.4,105.7,0.016890754403826716,0.0236738534108851,20.592633928571427,22.426924904942965,59.99989414215088
bench-b,litmus,n5,Network Partition,Network,13,119.8,14.33,339.2,0.034123,0.0,0,1882.5,105.1,0.018294940111392904,0.027786275186861543,20.806819993622447,22.741114026717558,29.999908208847046
bench-b,litmus,n5,Network Partition,Network,14,119.8,15.84,227.2,0.025466000000000003,0.0,0,2413.7,102.6,0.015957529587955103,0.025631547908699582,20.53901599702381,22.218289567490494,60.00026893615723
bench-b,litmus,n5,Network Partition,Network,15,119.8,14.95,234.88,0.026949999999999998,0.0,0,2004.9,103.4,0.017324402606448373,0.028391263958980437,20.787827845982143,22.51338224809886,60.0
bench-b,litmus,n5,Network Partition,Network,2,119.74,11.0,164.74,0.019183,0.0,0,1752.4,96.0,0.017639577228542765,0.024973283399621914,20.41897188562925,21.996406846374047,14.999773025512695
bench-b,litmus,n5,Network Partition,Network,3,119.73,11.08,242.43,0.022838,0.0,0,2064.0,95.5,0.017613978122116337,0.02630102059260758,20.456273915816325,21.921221482889734,59.99957299232483
bench-b,litmus,n5,Network Partition,Network,4,119.73,13.4,246.4,0.023433,0.0,0,2290.6,96.4,0.016800995525197343,0.025044598563042815,20.508277529761905,22.047751307034222,0.0
bench-b,litmus,n5,Network Partition,Network,5,119.8,18.29,259.45,0.031444,0.0,0,1675.2,102.0,0.017803919955799226,0.02296436152996312,20.520634034863946,22.31275249524715,0.0003287792205810547
bench-b,litmus,n5,Network Partition,Network,6,119.73,12.68,136.19,0.019493,0.0,0,2161.8,95.7,0.015672022431178264,0.026035324447049146,20.465073939732143,22.0029259743346,29.999894857406616
bench-b,litmus,n5,Network Partition,Network,7,119.8,14.71,261.38,0.030021,0.0,0,1862.3,105.9,0.016945480249642486,0.024362595014572722,20.642564174107143,22.52070461026616,0.0
bench-b,litmus,n5,Network Partition,Network,8,119.8,14.98,233.73,0.025206,0.0,0,2300.5,100.9,0.016270387092190055,0.026229010650455367,20.727657645089284,22.489772185114504,60.00001311302185
bench-b,litmus,n5,Network Partition,Network,9,119.73,14.19,191.36,0.022709,0.0,0,2038.8,93.7,0.016486735061947203,0.025248993084711287,20.53652476615646,21.984181178435115,60.0
bench-b,litmus,p1,Pod Kill,Pod/Container,1,119.8,15.53,229.89,0.026563,3.477958438396661e-05,0,0.0,0.0,,,,,
bench-b,litmus,p1,Pod Kill,Pod/Container,10,119.74,11.42,196.99,0.017571,3.4795921917951215e-05,0,2367.3,94.6,0.014643855559989864,0.022873776828032637,20.67909624787415,21.733169725836433,29.999738931655884
bench-b,litmus,p1,Pod Kill,Pod/Container,11,119.8,12.22,260.48,0.021078,1.7390094602114636e-05,0,2258.5,100.8,0.015022306583674636,0.023951254113403413,20.374541613520407,21.6298828125,60.0
bench-b,litmus,p1,Pod Kill,Pod/Container,12,119.8,10.96,238.59,0.019767,5.217028380634391e-05,0,2328.1,99.4,0.015337591084056197,0.02378500577147629,20.538330078125,21.856194818773233,60.0
bench-b,litmus,p1,Pod Kill,Pod/Container,13,119.8,12.45,255.23,0.024041,5.217028380634391e-05,0,2165.9,97.4,0.01524248806067049,0.024910006080975905,21.046986607142856,22.205381944444444,60.0
bench-b,litmus,p1,Pod Kill,Pod/Container,14,119.8,12.36,215.29,0.022421,0.0010433875315189983,0,2141.2,103.3,0.01637664130311526,0.024706277066176167,20.74924930909864,22.024117476851853,60.0
bench-b,litmus,p1,Pod Kill,Pod/Container,15,119.8,12.63,193.28,0.018393999999999997,0.00012173066221480245,0,2223.7,99.4,0.015267372186621084,0.021363992428263513,20.381184895833332,21.699521448339482,60.00009107589722
bench-b,litmus,p1,Pod Kill,Pod/Container,2,119.71,15.06,232.83,0.046736,6.960637594403648e-05,0,0.0,0.0,,,,,
bench-b,litmus,p1,Pod Kill,Pod/Container,3,119.28,18.09,10010.0,0.5953890000000001,0.0008558204523622391,0,0.0,0.0,,,,,
bench-b,litmus,p1,Pod Kill,Pod/Container,4,119.74,11.35,153.09,0.015215,0.00012178572671282925,0,0.0,0.0,,,,,
bench-b,litmus,p1,Pod Kill,Pod/Container,5,119.75,12.53,288.77,0.069601,0.00012177937057462466,0,2103.4,107.1,0.0157499401838155,0.024797340941403186,21.280446162840136,22.186217135608857,60.0
bench-b,litmus,p1,Pod Kill,Pod/Container,6,119.77,10.19,233.34,0.028945000000000002,0.0010784109093439087,0,2202.1,100.6,0.015817729205438558,0.02510946904927297,20.6470490539966,21.806892873616235,29.999929904937744
bench-b,litmus,p1,Pod Kill,Pod/Container,7,119.8,15.02,320.77,0.031240999999999998,0.00020868113522537563,0,2127.1,103.7,0.016034319991265297,0.028474683843732296,20.493316857993197,21.783743657749078,60.0
bench-b,litmus,p1,Pod Kill,Pod/Container,8,119.8,12.15,270.33,0.023231,1.7390094602114636e-05,0,2217.9,105.2,0.016684909931732328,0.026032821440253772,20.166753029336736,21.63700810185185,60.0
bench-b,litmus,p1,Pod Kill,Pod/Container,9,119.8,12.21,237.57,0.021992,5.217028380634391e-05,0,2249.6,99.3,0.015592696151930527,0.023501797232853,20.557510894982993,21.840569818773233,60.0
bench-b,litmus,p2,Container Kill,Pod/Container,1,89.08,11.29,16750.0,0.901339,0.5788046020016837,3,13917.1,98.0,0.014281901862778145,0.07095986309043292,20.107415231717688,20.84229786245353,60.00038003921509
bench-b,litmus,p2,Container Kill,Pod/Container,10,104.79,15.06,102000.0,9.196174000000001,0.7318038131970814,3,12802.4,119.5,0.01550991067856378,0.053326052328844485,20.585678411989797,21.63824665590406,60.0
bench-b,litmus,p2,Container Kill,Pod/Container,11,84.82,11.69,1160.0,0.23416700000000001,0.7747353945138872,3,13651.6,114.5,0.014559563309321578,0.04896394844082592,20.68300914115646,21.429860470479706,29.99975299835205
bench-b,litmus,p2,Container Kill,Pod/Container,12,103.95,13.65,27410.0,3.182505,0.15688435564996092,1,11983.6,91.7,0.016528318424542218,0.039304811640698614,21.014183407738095,21.13258101851852,60.0
bench-b,litmus,p2,Container Kill,Pod/Container,13,106.59,11.73,84000.0,7.621455,0.9968143530009577,3,12643.0,125.1,0.01570239499353039,0.061872470820517604,20.53481744260204,22.012633596654275,60.0
bench-b,litmus,p2,Container Kill,Pod/Container,14,98.56,15.86,24000.0,1.880239,0.4297550356138905,3,12627.1,100.7,0.01573760519096868,0.057886828669866344,21.208652210884352,21.64884409851301,60.0
bench-b,litmus,p2,Container Kill,Pod/Container,15,88.46,12.0,13670.0,0.467208,1.0389026256917462,3,12990.5,114.2,0.01527741406914962,0.050805781985213266,21.095616762329932,21.799450231481483,59.99969696998596
bench-b,litmus,p2,Container Kill,Pod/Container,2,89.0,13.04,16550.0,0.6078859999999999,0.7533813825057332,3,13635.2,99.2,0.01458237421187601,0.04970899253411278,20.242307079081634,20.97308867619926,60.00024604797363
bench-b,litmus,p2,Container Kill,Pod/Container,3,105.57,13.77,88200.0,9.202002,0.963769116921559,3,13043.7,119.4,0.015240071348670862,0.0721325274778706,20.601163903061224,21.872974537037038,60.0
bench-b,litmus,p2,Container Kill,Pod/Container,4,86.31,12.8,15860.0,0.463092,0.7161474044935685,3,13908.9,113.7,0.014298095226712616,0.05385415396352461,20.640226403061224,21.477985594795538,59.99958324432373
bench-b,litmus,p2,Container Kill,Pod/Container,5,87.65,12.1,3330.0,0.242021,0.5008318676617388,3,10155.2,123.8,0.016068601023868822,0.04048798160492785,20.660966730442176,21.77712673611111,0.0
bench-b,litmus,p2,Container Kill,Pod/Container,6,106.42,12.03,104400.0,9.820179,1.023472064523707,3,11619.8,123.1,0.017085838241553363,0.06453858673250994,20.88271949404762,22.01529224537037,60.0
bench-b,litmus,p2,Container Kill,Pod/Container,7,104.88,12.81,73200.0,4.909971,1.2017400977315165,3,13132.2,108.8,0.015141388594972171,0.06888800086861134,20.922984428146258,21.42550838694853,60.0
bench-b,litmus,p2,Container Kill,Pod/Container,8,90.11,13.64,17250.0,0.903497,0.5755039763269836,3,12638.3,119.2,0.01572238607744992,0.058929959255546095,20.846878985969386,21.473517922794116,0.0004820823669433594
bench-b,litmus,p2,Container Kill,Pod/Container,9,106.04,11.45,102000.0,6.401390999999999,0.5904679580370124,3,12145.7,113.8,0.01633286432410543,0.058747062003445906,20.58862138605442,21.357867072610293,60.0
bench-b,litmus,p3,Pod Failure,Pod/Container,1,119.8,12.8,331.26,0.027166,0.0011303561491374514,0,1951.6,99.5,0.01630301701451085,0.023704457789072726,20.99098506590136,22.272774446494466,30.000179767608643
bench-b,litmus,p3,Pod Failure,Pod/Container,10,119.8,11.02,218.11,0.019400999999999998,0.0006434335002782415,0,2207.9,99.8,0.015314276279461133,0.025589433067233616,20.780447823660715,21.9557864010989,60.00004601478577
bench-b,litmus,p3,Pod Failure,Pod/Container,11,119.8,12.16,231.93,0.020742,0.0006608235948803562,0,2245.6,103.0,0.01570809090880312,0.024362087010184,20.92998644770408,22.285358796296297,60.0
bench-b,litmus,p3,Pod Failure,Pod/Container,12,119.73,11.85,191.49,0.018003,0.0005393367897282438,0,2082.3,95.4,0.015102783023743425,0.02265850546468647,21.14071800595238,22.15968058118081,60.0
bench-b,litmus,p3,Pod Failure,Pod/Container,13,119.8,10.35,376.58,0.031303,0.0012520868113522537,0,1777.7,105.6,0.017624247879582906,0.030795315743374473,21.1028977997449,22.373697916666668,15.000040054321289
bench-b,litmus,p3,Pod Failure,Pod/Container,14,119.73,12.65,220.8,0.025601,0.0009046939698667317,0,2533.8,97.3,0.014329737610133208,0.025726847255152074,20.605580357142856,21.877911669741696,60.0
bench-b,litmus,p3,Pod Failure,Pod/Container,15,119.8,14.45,269.05,0.027607,0.0010607773237109816,0,2420.7,98.1,0.015303857683040867,0.026579308609245206,21.088309151785715,22.484447337962962,60.0
bench-b,litmus,p3,Pod Failure,Pod/Container,2,119.8,10.84,213.12,0.01905,0.0006608235948803562,0,2438.6,95.3,0.014917249729665861,0.024328750928439655,21.285667782738095,22.1856838099631,60.0
bench-b,litmus,p3,Pod Failure,Pod/Container,3,119.8,11.53,249.34,0.024187,0.000521702838063439,0,2285.8,101.0,0.015464676198090476,0.024955244591280398,21.074790072278912,22.217644186580884,60.0
bench-b,litmus,p3,Pod Failure,Pod/Container,4,119.8,10.63,205.31,0.016758,0.0011651363383416806,0,2314.6,98.3,0.01482950531744456,0.020912909667625882,20.810174851190474,22.14308449074074,60.0
bench-b,litmus,p3,Pod Failure,Pod/Container,5,119.8,11.9,218.24,0.020295,0.0011303561491374514,0,2302.2,99.9,0.015861303224290885,0.025108008322679957,21.000597895408163,22.099796070772058,59.99992394447327
bench-b,litmus,p3,Pod Failure,Pod/Container,6,119.74,9.81,191.62,0.017013,0.001200459306169317,0,2224.2,97.3,0.015322381452409555,0.022580465033067938,20.80185081845238,21.959968171296296,60.0
bench-b,litmus,p3,Pod Failure,Pod/Container,7,119.8,14.76,325.38,0.028951,0.0013564273789649416,0,2068.9,103.3,0.016489257191140704,0.02550111928390777,21.19604326105442,22.363712086397058,60.0
bench-b,litmus,p3,Pod Failure,Pod/Container,8,119.8,11.39,217.09,0.018015999999999997,0.0012520868113522537,0,2160.2,99.8,0.015177904305454525,0.023468713502569793,21.146663743622447,22.349878020446095,60.0
bench-b,litmus,p3,Pod Failure,Pod/Container,9,119.8,12.62,346.11,0.031463,0.0014259877573734002,0,1924.7,101.9,0.0170420037116275,0.029076961843071014,21.096520248724488,22.388347555350553,60.0
bench-b,litmus,r1,CPU Stress 80%,Resource,1,119.74,13.03,203.39,0.024846,0.0,0,5856.1,95.4,0.016823105202246755,0.045504387542182376,19.480980282738095,21.113120918843283,29.999586820602417
bench-b,litmus,r1,CPU Stress 80%,Resource,10,119.8,13.4,262.14,0.028423999999999998,0.0,0,5928.6,99.2,0.016600534983472703,0.05263507796159054,20.58521338222789,22.20949451958955,60.0
bench-b,litmus,r1,CPU Stress 80%,Resource,11,119.8,15.14,296.19,0.033914,0.0,0,5851.5,101.8,0.016812150899395473,0.05098149914028024,20.72240380527211,22.317994986007463,60.0
bench-b,litmus,r1,CPU Stress 80%,Resource,12,119.8,16.88,322.56,0.042489,0.0,0,5468.9,108.1,0.017945921771568188,0.054109878392666795,20.34022906037415,22.31532765858209,59.99986910820007
bench-b,litmus,r1,CPU Stress 80%,Resource,13,119.8,14.52,260.61,0.034184,0.00020868113522537563,0,6001.7,105.1,0.016360318563883352,0.04955260035209002,20.879749946853742,22.53503964552239,60.0
bench-b,litmus,r1,CPU Stress 80%,Resource,14,119.8,19.66,361.47,0.05999,0.0,0,1738.6,107.7,0.054456988546482864,0.060566556283777113,20.874176232993197,22.714435634328357,14.999550104141235
bench-b,litmus,r1,CPU Stress 80%,Resource,15,119.8,17.9,260.35,0.032101,0.0,0,5791.9,100.3,0.017005415507053007,0.05288624724224638,20.642817283163264,22.19596840018657,60.0
bench-b,litmus,r1,CPU Stress 80%,Resource,2,119.73,11.45,172.03,0.021954,0.0,0,5681.0,98.7,0.017311788750605406,0.04740677598094632,19.90693425807823,21.446638875932837,60.0
bench-b,litmus,r1,CPU Stress 80%,Resource,3,119.74,12.94,173.82,0.023535,0.0,0,6071.0,94.7,0.01625250956081508,0.048405494851905866,19.83854830994898,21.367129197761194,60.0
bench-b,litmus,r1,CPU Stress 80%,Resource,4,119.8,12.72,245.89,0.030171,3.478018920422927e-05,0,5696.8,105.7,0.017274690507715813,0.05292425207378468,20.139123618197278,22.02266499533582,60.0
bench-b,litmus,r1,CPU Stress 80%,Resource,5,119.73,13.22,182.27,0.024056,0.0,0,6220.8,96.0,0.015849646592933853,0.040710838400269865,19.82898862670068,21.351606226679106,60.0
bench-b,litmus,r1,CPU Stress 80%,Resource,6,119.8,14.6,263.93,0.033695,0.0,0,5735.3,103.3,0.017205769962042993,0.05185625954663317,20.025223214285713,21.977903451492537,60.0
bench-b,litmus,r1,CPU Stress 80%,Resource,7,119.8,15.47,297.47,0.036813000000000005,0.0,0,5454.2,107.4,0.018032564754311007,0.045690862371705714,20.709095982142856,22.56672691231343,60.000149965286255
bench-b,litmus,r1,CPU Stress 80%,Resource,8,119.8,13.82,229.25,0.028007,0.0,0,5830.5,104.0,0.016904027572414326,0.04861132985386781,20.261216517857143,21.957949510261194,60.0
bench-b,litmus,r1,CPU Stress 80%,Resource,9,119.8,16.75,352.77,0.042209,0.0,0,5500.9,108.4,0.01789993055420416,0.04818698045769975,20.50752650669643,22.619096898320894,60.0
bench-b,litmus,r2,Memory Pressure 80%,Resource,1,119.74,11.89,196.61,0.020017,0.0,0,5694.8,248.9,0.017241098131508446,0.05342443966260616,20.178219334608844,29.16084130130597,60.0
bench-b,litmus,r2,Memory Pressure 80%,Resource,10,119.8,14.39,263.93,0.03196,0.0,0,5348.7,250.0,0.0176302042243367,0.04825218463199272,20.890625,30.39571187033582,60.0
bench-b,litmus,r2,Memory Pressure 80%,Resource,11,119.8,15.81,262.4,0.029366,0.0,0,5742.5,250.3,0.01709067536909633,0.04904847299811151,20.845809417517007,29.92859433302239,60.0
bench-b,litmus,r2,Memory Pressure 80%,Resource,12,119.8,17.45,269.57,0.02975,0.0,0,5885.6,250.1,0.016702834681563195,0.04459378104322629,20.784060108418366,28.825618003731343,60.0
bench-b,litmus,r2,Memory Pressure 80%,Resource,13,119.8,15.23,254.08,0.027083,0.0,0,5047.1,249.9,0.0178081777402318,0.04247212422202562,20.905605601615648,29.29149661847015,29.999853134155273
bench-b,litmus,r2,Memory Pressure 80%,Resource,14,119.73,12.38,178.82,0.021429,0.0,0,5967.6,249.9,0.016444332607189586,0.04753978047217824,20.331838594812925,29.375918260261194,45.00013995170593
bench-b,litmus,r2,Memory Pressure 80%,Resource,15,119.74,10.19,172.41,0.018571999999999998,0.0,0,5665.9,249.2,0.017324450540658006,0.04482332218126787,21.080629517431973,28.714012943097014,44.9996440410614
bench-b,litmus,r2,Memory Pressure 80%,Resource,2,119.8,15.81,315.39,0.036549,0.0,0,5445.2,251.8,0.01791695164118828,0.04684221203584355,20.625803837159864,28.99030725279851,60.0
bench-b,litmus,r2,Memory Pressure 80%,Resource,3,119.8,18.24,235.39,0.031026,0.0,0,5404.0,251.3,0.01813775049349184,0.046240041141348255,20.662873352465986,30.151133978544777,60.0
bench-b,litmus,r2,Memory Pressure 80%,Resource,4,119.8,16.4,304.64,0.032793,0.0,0,5641.5,250.6,0.0173244738177286,0.04792423296013061,20.815801711309526,29.957570545708954,60.0
bench-b,litmus,r2,Memory Pressure 80%,Resource,5,119.74,13.01,181.38,0.022316,0.0,0,5929.9,250.7,0.016567989310927313,0.05168308739484813,20.634214232568027,28.65227087220149,60.0
bench-b,litmus,r2,Memory Pressure 80%,Resource,6,119.73,13.17,241.02,0.028773,0.0,0,5758.2,251.6,0.016974105101281233,0.04802698601062842,20.428106398809526,28.683360541044777,59.99964213371277
bench-b,litmus,r2,Memory Pressure 80%,Resource,7,119.73,10.75,174.46,0.018466,0.0,0,5955.5,250.5,0.01648821432315416,0.04315929420950128,20.315987723214285,29.366939715485074,60.0
bench-b,litmus,r2,Memory Pressure 80%,Resource,8,119.74,12.98,94.78,0.018549,0.0016702042520616584,1,1322.5,243.7,0.05358679755313978,0.022037960593822344,29.63503799957483,24.19840366633858,0.0
bench-b,litmus,r2,Memory Pressure 80%,Resource,9,119.8,16.3,312.32,0.030395,0.0,0,5864.4,246.9,0.01674645749190304,0.05849599716640903,20.366762329931973,28.724055503731343,60.00036883354187
